file_id,relpath,class,remark,batch,session,clip_ratio,best_kurtosis,band_low,band_high,round,rpm_used,fr_source,scheme,verdict_raw,verdict_cn,correct,confidence,second,level,band_clamped,peak_error
001,wav/外圈/9-16__外圈1__record_98_1789455815.wav,外圈,外圈1,9-16,afternoon,0.00797,23.54,4667,6000,A_main_1150,1150.0,fixed_1150,glm,normal,正常,0,0.0000,0.0000,未见故障特征,,
001,wav/外圈/9-16__外圈1__record_98_1789455815.wav,外圈,外圈1,9-16,afternoon,0.00797,23.54,4667,6000,A_main_1150,1150.0,fixed_1150,kimi,inner,内圈,0,457.33,448.06,,0,0.0199
001,wav/外圈/9-16__外圈1__record_98_1789455815.wav,外圈,外圈1,9-16,afternoon,0.00797,23.54,4667,6000,B_fr_est,1179.2,fr_est,glm,BPFI,内圈,0,0.2884,0.0271,疑似（建议人工复核包络谱）,,
001,wav/外圈/9-16__外圈1__record_98_1789455815.wav,外圈,外圈1,9-16,afternoon,0.00797,23.54,4667,6000,B_fr_est,1179.2,fr_est,kimi,inner,内圈,0,1071.82,497.93,,0,0.0025
002,wav/外圈/9-16__外圈1__record_98_1789455843.wav,外圈,外圈1,9-16,afternoon,0.00542,29.06,6000,8000,A_main_1150,1150.0,fixed_1150,glm,normal,正常,0,0.0854,0.0000,未见故障特征,,
002,wav/外圈/9-16__外圈1__record_98_1789455843.wav,外圈,外圈1,9-16,afternoon,0.00542,29.06,6000,8000,A_main_1150,1150.0,fixed_1150,kimi,inner,内圈,0,747.01,429.96,,1,0.0187
002,wav/外圈/9-16__外圈1__record_98_1789455843.wav,外圈,外圈1,9-16,afternoon,0.00542,29.06,6000,8000,B_fr_est,1179.2,fr_est,glm,normal,正常,0,0.1194,0.0241,未见故障特征,,
002,wav/外圈/9-16__外圈1__record_98_1789455843.wav,外圈,外圈1,9-16,afternoon,0.00542,29.06,6000,8000,B_fr_est,1179.2,fr_est,kimi,inner,内圈,0,762.68,356.46,,1,0.0065
003,wav/外圈/9-16__外圈2__record_98_1789455909.wav,外圈,外圈2,9-16,afternoon,0.06708,4.35,7333,8000,A_main_1150,1150.0,fixed_1150,glm,BPFI,内圈,0,0.5377,0.0280,明确,,
003,wav/外圈/9-16__外圈2__record_98_1789455909.wav,外圈,外圈2,9-16,afternoon,0.06708,4.35,7333,8000,A_main_1150,1150.0,fixed_1150,kimi,inner,内圈,0,2965.69,602.39,,1,0.0147
003,wav/外圈/9-16__外圈2__record_98_1789455909.wav,外圈,外圈2,9-16,afternoon,0.06708,4.35,7333,8000,B_fr_est,1166.0,fr_est,glm,BPFI,内圈,0,0.5318,0.0359,明确,,
003,wav/外圈/9-16__外圈2__record_98_1789455909.wav,外圈,外圈2,9-16,afternoon,0.06708,4.35,7333,8000,B_fr_est,1166.0,fr_est,kimi,inner,内圈,0,2965.69,743.32,,1,0.0008
004,wav/外圈/9-16__外圈2__record_98_1789455921.wav,外圈,外圈2,9-16,afternoon,0.07273,4.41,7333,8000,A_main_1150,1150.0,fixed_1150,glm,BPFI,内圈,0,0.3046,0.0273,疑似（建议人工复核包络谱）,,
004,wav/外圈/9-16__外圈2__record_98_1789455921.wav,外圈,外圈2,9-16,afternoon,0.07273,4.41,7333,8000,A_main_1150,1150.0,fixed_1150,kimi,inner,内圈,0,1878.94,674.39,,1,0.0089
004,wav/外圈/9-16__外圈2__record_98_1789455921.wav,外圈,外圈2,9-16,afternoon,0.07273,4.41,7333,8000,B_fr_est,1166.0,fr_est,glm,normal,正常,0,0.2055,0.0288,未见故障特征,,
004,wav/外圈/9-16__外圈2__record_98_1789455921.wav,外圈,外圈2,9-16,afternoon,0.07273,4.41,7333,8000,B_fr_est,1166.0,fr_est,kimi,inner,内圈,0,1363.13,581.06,,1,0.0186
005,wav/外圈/9-16__外圈3__record_98_1789455947.wav,外圈,外圈3,9-16,afternoon,0.13423,2.85,1500,2000,A_main_1150,1150.0,fixed_1150,glm,normal,正常,0,0.0000,0.0000,未见故障特征,,
005,wav/外圈/9-16__外圈3__record_98_1789455947.wav,外圈,外圈3,9-16,afternoon,0.13423,2.85,1500,2000,A_main_1150,1150.0,fixed_1150,kimi,ball,滚珠,0,2548.18,2406.91,,0,0.0186
005,wav/外圈/9-16__外圈3__record_98_1789455947.wav,外圈,外圈3,9-16,afternoon,0.13423,2.85,1500,2000,B_fr_est,1112.0,fr_est,glm,BPFO,外圈,1,0.1831,0.1170,疑似（建议人工复核包络谱）,,
005,wav/外圈/9-16__外圈3__record_98_1789455947.wav,外圈,外圈3,9-16,afternoon,0.13423,2.85,1500,2000,B_fr_est,1112.0,fr_est,kimi,ball,滚珠,0,6296.29,6050.63,,0,0.0182
006,wav/外圈/9-16__外圈3__record_98_1789455959.wav,外圈,外圈3,9-16,afternoon,0.13652,2.73,1500,2000,A_main_1150,1150.0,fixed_1150,glm,normal,正常,0,0.0646,0.0256,未见故障特征,,
006,wav/外圈/9-16__外圈3__record_98_1789455959.wav,外圈,外圈3,9-16,afternoon,0.13652,2.73,1500,2000,A_main_1150,1150.0,fixed_1150,kimi,inner,内圈,0,2333.17,1956.77,,0,0.0069
006,wav/外圈/9-16__外圈3__record_98_1789455959.wav,外圈,外圈3,9-16,afternoon,0.13652,2.73,1500,2000,B_fr_est,1112.0,fr_est,glm,BPFO,外圈,1,0.2713,0.0000,疑似（建议人工复核包络谱）,,
006,wav/外圈/9-16__外圈3__record_98_1789455959.wav,外圈,外圈3,9-16,afternoon,0.13652,2.73,1500,2000,B_fr_est,1112.0,fr_est,kimi,outer,外圈,1,4949.65,1611.88,,0,0.0025
007,wav/外圈/9-16__外圈4__record_98_1789455993.wav,外圈,外圈4,9-16,afternoon,0.07827,6.09,7000,8000,A_main_1150,1150.0,fixed_1150,glm,BPFI,内圈,0,0.6875,0.1113,明确,,
007,wav/外圈/9-16__外圈4__record_98_1789455993.wav,外圈,外圈4,9-16,afternoon,0.07827,6.09,7000,8000,A_main_1150,1150.0,fixed_1150,kimi,inner,内圈,0,3221.52,726.60,,1,0.0029
007,wav/外圈/9-16__外圈4__record_98_1789455993.wav,外圈,外圈4,9-16,afternoon,0.07827,6.09,7000,8000,B_fr_est,1156.4,fr_est,glm,BPFI,内圈,0,0.6904,0.1140,明确,,
007,wav/外圈/9-16__外圈4__record_98_1789455993.wav,外圈,外圈4,9-16,afternoon,0.07827,6.09,7000,8000,B_fr_est,1156.4,fr_est,kimi,inner,内圈,0,3221.52,583.26,,1,0.0026
008,wav/外圈/9-16__外圈4__record_98_1789456004.wav,外圈,外圈4,9-16,afternoon,0.07871,6.89,7000,8000,A_main_1150,1150.0,fixed_1150,glm,BPFI,内圈,0,0.6230,0.0581,明确,,
008,wav/外圈/9-16__外圈4__record_98_1789456004.wav,外圈,外圈4,9-16,afternoon,0.07871,6.89,7000,8000,A_main_1150,1150.0,fixed_1150,kimi,inner,内圈,0,2740.13,776.38,,1,0.0010
008,wav/外圈/9-16__外圈4__record_98_1789456004.wav,外圈,外圈4,9-16,afternoon,0.07871,6.89,7000,8000,B_fr_est,1156.4,fr_est,glm,BPFI,内圈,0,0.5990,0.1079,明确,,
008,wav/外圈/9-16__外圈4__record_98_1789456004.wav,外圈,外圈4,9-16,afternoon,0.07871,6.89,7000,8000,B_fr_est,1156.4,fr_est,kimi,inner,内圈,0,2740.13,681.68,,1,0.0065
009,wav/外圈/9-16__外圈5__record_98_1789456036.wav,外圈,外圈5,9-16,afternoon,0.02856,10.59,5333,6667,A_main_1150,1150.0,fixed_1150,glm,normal,正常,0,0.0540,0.0000,未见故障特征,,
009,wav/外圈/9-16__外圈5__record_98_1789456036.wav,外圈,外圈5,9-16,afternoon,0.02856,10.59,5333,6667,A_main_1150,1150.0,fixed_1150,kimi,inner,内圈,0,1004.88,816.75,,0,0.0041
009,wav/外圈/9-16__外圈5__record_98_1789456036.wav,外圈,外圈5,9-16,afternoon,0.02856,10.59,5333,6667,B_fr_est,1130.0,fr_est,glm,normal,正常,0,0.0538,0.0318,未见故障特征,,
009,wav/外圈/9-16__外圈5__record_98_1789456036.wav,外圈,外圈5,9-16,afternoon,0.02856,10.59,5333,6667,B_fr_est,1130.0,fr_est,kimi,inner,内圈,0,905.33,829.89,,0,0.0136
010,wav/外圈/9-16__外圈5__record_98_1789456046.wav,外圈,外圈5,9-16,afternoon,0.02875,10.95,5333,6667,A_main_1150,1150.0,fixed_1150,glm,normal,正常,0,0.0425,0.0000,未见故障特征,,
010,wav/外圈/9-16__外圈5__record_98_1789456046.wav,外圈,外圈5,9-16,afternoon,0.02875,10.95,5333,6667,A_main_1150,1150.0,fixed_1150,kimi,inner,内圈,0,1121.93,987.62,,0,0.0081
010,wav/外圈/9-16__外圈5__record_98_1789456046.wav,外圈,外圈5,9-16,afternoon,0.02875,10.95,5333,6667,B_fr_est,1130.0,fr_est,glm,normal,正常,0,0.0423,0.0000,未见故障特征,,
010,wav/外圈/9-16__外圈5__record_98_1789456046.wav,外圈,外圈5,9-16,afternoon,0.02875,10.95,5333,6667,B_fr_est,1130.0,fr_est,kimi,inner,内圈,0,1040.02,675.12,,0,0.0095
011,wav/外圈/9-16__外圈6__record_98_1789456087.wav,外圈,外圈6,9-16,afternoon,0.00915,20.69,7000,8000,A_main_1150,1150.0,fixed_1150,glm,BSF,滚珠,0,0.1567,0.0350,疑似（建议人工复核包络谱）,,
011,wav/外圈/9-16__外圈6__record_98_1789456087.wav,外圈,外圈6,9-16,afternoon,0.00915,20.69,7000,8000,A_main_1150,1150.0,fixed_1150,kimi,ball,滚珠,0,1886.46,1005.38,,1,0.0087
011,wav/外圈/9-16__外圈6__record_98_1789456087.wav,外圈,外圈6,9-16,afternoon,0.00915,20.69,7000,8000,B_fr_est,1186.4,fr_est,glm,BPFI,内圈,0,0.2736,0.1126,疑似（建议人工复核包络谱）,,
011,wav/外圈/9-16__外圈6__record_98_1789456087.wav,外圈,外圈6,9-16,afternoon,0.00915,20.69,7000,8000,B_fr_est,1186.4,fr_est,kimi,inner,内圈,0,2259.88,1594.70,,1,0.0065
012,wav/外圈/9-16__外圈6__record_98_1789456099.wav,外圈,外圈6,9-16,afternoon,0.00806,22.09,7000,8000,A_main_1150,1150.0,fixed_1150,glm,BSF,滚珠,0,0.1400,0.0567,疑似（建议人工复核包络谱）,,
012,wav/外圈/9-16__外圈6__record_98_1789456099.wav,外圈,外圈6,9-16,afternoon,0.00806,22.09,7000,8000,A_main_1150,1150.0,fixed_1150,kimi,ball,滚珠,0,2187.81,955.37,,1,0.0012
012,wav/外圈/9-16__外圈6__record_98_1789456099.wav,外圈,外圈6,9-16,afternoon,0.00806,22.09,7000,8000,B_fr_est,1186.4,fr_est,glm,BPFI,内圈,0,0.3970,0.1366,疑似（建议人工复核包络谱）,,
012,wav/外圈/9-16__外圈6__record_98_1789456099.wav,外圈,外圈6,9-16,afternoon,0.00806,22.09,7000,8000,B_fr_est,1186.4,fr_est,kimi,inner,内圈,0,2992.94,1481.15,,1,0.0011
013,wav/外圈/9-16__外圈7__record_98_1789456162.wav,外圈,外圈7,9-16,afternoon,0.02167,10.71,6667,8000,A_main_1150,1150.0,fixed_1150,glm,BPFO,外圈,1,0.2862,0.1749,疑似（建议人工复核包络谱）,,
013,wav/外圈/9-16__外圈7__record_98_1789456162.wav,外圈,外圈7,9-16,afternoon,0.02167,10.71,6667,8000,A_main_1150,1150.0,fixed_1150,kimi,inner,内圈,0,1328.26,856.06,,1,0.0193
013,wav/外圈/9-16__外圈7__record_98_1789456162.wav,外圈,外圈7,9-16,afternoon,0.02167,10.71,6667,8000,B_fr_est,1162.4,fr_est,glm,BPFO,外圈,1,0.2738,0.2032,疑似（建议人工复核包络谱）,,
013,wav/外圈/9-16__外圈7__record_98_1789456162.wav,外圈,外圈7,9-16,afternoon,0.02167,10.71,6667,8000,B_fr_est,1162.4,fr_est,kimi,ball,滚珠,0,1253.08,856.06,,1,0.0175
014,wav/外圈/9-16__外圈7__record_98_1789456174.wav,外圈,外圈7,9-16,afternoon,0.02360,10.53,6667,8000,A_main_1150,1150.0,fixed_1150,glm,BPFO,外圈,1,0.1730,0.1460,疑似（建议人工复核包络谱）,,
014,wav/外圈/9-16__外圈7__record_98_1789456174.wav,外圈,外圈7,9-16,afternoon,0.02360,10.53,6667,8000,A_main_1150,1150.0,fixed_1150,kimi,inner,内圈,0,1369.49,1035.78,,1,0.0094
014,wav/外圈/9-16__外圈7__record_98_1789456174.wav,外圈,外圈7,9-16,afternoon,0.02360,10.53,6667,8000,B_fr_est,1162.4,fr_est,glm,BPFO,外圈,1,0.2062,0.1768,疑似（建议人工复核包络谱）,,
014,wav/外圈/9-16__外圈7__record_98_1789456174.wav,外圈,外圈7,9-16,afternoon,0.02360,10.53,6667,8000,B_fr_est,1162.4,fr_est,kimi,inner,内圈,0,1369.49,1015.12,,1,0.0199
015,wav/外圈/9-16__外圈8__record_98_1789456205.wav,外圈,外圈8,9-16,afternoon,0.11921,2.90,7500,7833,A_main_1150,1150.0,fixed_1150,glm,normal,正常,0,0.0643,0.0000,未见故障特征,,
015,wav/外圈/9-16__外圈8__record_98_1789456205.wav,外圈,外圈8,9-16,afternoon,0.11921,2.90,7500,7833,A_main_1150,1150.0,fixed_1150,kimi,ball,滚珠,0,1425.48,811.16,,1,0.0136
015,wav/外圈/9-16__外圈8__record_98_1789456205.wav,外圈,外圈8,9-16,afternoon,0.11921,2.90,7500,7833,B_fr_est,1199.6,fr_est,glm,normal,正常,0,0.0000,0.0000,未见故障特征,,
015,wav/外圈/9-16__外圈8__record_98_1789456205.wav,外圈,外圈8,9-16,afternoon,0.11921,2.90,7500,7833,B_fr_est,1199.6,fr_est,kimi,inner,内圈,0,2836.77,974.45,,1,0.0008
016,wav/外圈/9-16__外圈8__record_98_1789456215.wav,外圈,外圈8,9-16,afternoon,0.11925,3.01,6667,7333,A_main_1150,1150.0,fixed_1150,glm,normal,正常,0,0.1052,0.0000,未见故障特征,,
016,wav/外圈/9-16__外圈8__record_98_1789456215.wav,外圈,外圈8,9-16,afternoon,0.11925,3.01,6667,7333,A_main_1150,1150.0,fixed_1150,kimi,ball,滚珠,0,2803.80,1659.09,,1,0.0087
016,wav/外圈/9-16__外圈8__record_98_1789456215.wav,外圈,外圈8,9-16,afternoon,0.11925,3.01,6667,7333,B_fr_est,1199.6,fr_est,glm,BPFI,内圈,0,0.3939,0.0394,疑似（建议人工复核包络谱）,,
016,wav/外圈/9-16__外圈8__record_98_1789456215.wav,外圈,外圈8,9-16,afternoon,0.11925,3.01,6667,7333,B_fr_est,1199.6,fr_est,kimi,inner,内圈,0,6556.85,2163.17,,1,0.0046
017,wav/外圈/9-16__外圈9__record_98_1789456252.wav,外圈,外圈9,9-16,afternoon,0.01537,12.69,6000,8000,A_main_1150,1150.0,fixed_1150,glm,BPFO,外圈,1,0.2759,0.1188,疑似（建议人工复核包络谱）,,
017,wav/外圈/9-16__外圈9__record_98_1789456252.wav,外圈,外圈9,9-16,afternoon,0.01537,12.69,6000,8000,A_main_1150,1150.0,fixed_1150,kimi,outer,外圈,1,1583.05,691.38,,1,0.0050
017,wav/外圈/9-16__外圈9__record_98_1789456252.wav,外圈,外圈9,9-16,afternoon,0.01537,12.69,6000,8000,B_fr_est,1152.8,fr_est,glm,BPFO,外圈,1,0.2775,0.1188,疑似（建议人工复核包络谱）,,
017,wav/外圈/9-16__外圈9__record_98_1789456252.wav,外圈,外圈9,9-16,afternoon,0.01537,12.69,6000,8000,B_fr_est,1152.8,fr_est,kimi,outer,外圈,1,1583.05,785.35,,1,0.0026
018,wav/外圈/9-16__外圈9__record_98_1789456261.wav,外圈,外圈9,9-16,afternoon,0.01222,17.72,7000,8000,A_main_1150,1150.0,fixed_1150,glm,BPFO,外圈,1,0.3225,0.0294,疑似（建议人工复核包络谱）,,
018,wav/外圈/9-16__外圈9__record_98_1789456261.wav,外圈,外圈9,9-16,afternoon,0.01222,17.72,7000,8000,A_main_1150,1150.0,fixed_1150,kimi,outer,外圈,1,2012.43,951.36,,1,0.0015
018,wav/外圈/9-16__外圈9__record_98_1789456261.wav,外圈,外圈9,9-16,afternoon,0.01222,17.72,7000,8000,B_fr_est,1152.8,fr_est,glm,BPFO,外圈,1,0.2616,0.1531,疑似（建议人工复核包络谱）,,
018,wav/外圈/9-16__外圈9__record_98_1789456261.wav,外圈,外圈9,9-16,afternoon,0.01222,17.72,7000,8000,B_fr_est,1152.8,fr_est,kimi,outer,外圈,1,2012.43,1413.23,,1,0.0009
019,wav/外圈/9-16__外圈10__record_98_1789456290.wav,外圈,外圈10,9-16,afternoon,0.06750,6.16,6500,7000,A_main_1150,1150.0,fixed_1150,glm,BPFI,内圈,0,0.4056,0.2512,疑似（建议人工复核包络谱）,,
019,wav/外圈/9-16__外圈10__record_98_1789456290.wav,外圈,外圈10,9-16,afternoon,0.06750,6.16,6500,7000,A_main_1150,1150.0,fixed_1150,kimi,inner,内圈,0,8821.34,5762.56,,1,0.0010
019,wav/外圈/9-16__外圈10__record_98_1789456290.wav,外圈,外圈10,9-16,afternoon,0.06750,6.16,6500,7000,B_fr_est,1122.8,fr_est,glm,BPFO,外圈,1,0.2471,0.1371,疑似（建议人工复核包络谱）,,
019,wav/外圈/9-16__外圈10__record_98_1789456290.wav,外圈,外圈10,9-16,afternoon,0.06750,6.16,6500,7000,B_fr_est,1122.8,fr_est,kimi,outer,外圈,1,6902.72,3744.16,,1,0.0040
020,wav/外圈/9-16__外圈10__record_98_1789456302.wav,外圈,外圈10,9-16,afternoon,0.06087,7.34,6500,7000,A_main_1150,1150.0,fixed_1150,glm,BPFI,内圈,0,0.7425,0.0818,明确,,
020,wav/外圈/9-16__外圈10__record_98_1789456302.wav,外圈,外圈10,9-16,afternoon,0.06087,7.34,6500,7000,A_main_1150,1150.0,fixed_1150,kimi,inner,内圈,0,10328.55,1978.85,,1,0.0167
020,wav/外圈/9-16__外圈10__record_98_1789456302.wav,外圈,外圈10,9-16,afternoon,0.06087,7.34,6500,7000,B_fr_est,1122.8,fr_est,glm,BPFI,内圈,0,0.4666,0.5866,疑似（建议人工复核包络谱）,,
020,wav/外圈/9-16__外圈10__record_98_1789456302.wav,外圈,外圈10,9-16,afternoon,0.06087,7.34,6500,7000,B_fr_est,1122.8,fr_est,kimi,inner,内圈,0,11818.32,9184.06,,1,0.0031
021,wav/正常/9-16__OK1__record_98_1789456446.wav,正常,OK1,9-16,afternoon,0.00000,2.80,5667,6000,A_main_1150,1150.0,fixed_1150,glm,normal,正常,1,0.0000,0.0000,未见故障特征,,
021,wav/正常/9-16__OK1__record_98_1789456446.wav,正常,OK1,9-16,afternoon,0.00000,2.80,5667,6000,A_main_1150,1150.0,fixed_1150,kimi,inner,内圈,0,1677.27,1231.10,,1,0.0161
021,wav/正常/9-16__OK1__record_98_1789456446.wav,正常,OK1,9-16,afternoon,0.00000,2.80,5667,6000,B_fr_est,1197.2,fr_est,glm,normal,正常,1,0.0000,0.0000,未见故障特征,,
021,wav/正常/9-16__OK1__record_98_1789456446.wav,正常,OK1,9-16,afternoon,0.00000,2.80,5667,6000,B_fr_est,1197.2,fr_est,kimi,ball,滚珠,0,1721.95,1637.13,,1,0.0195
022,wav/正常/9-16__OK2__record_98_1789456481.wav,正常,OK2,9-16,afternoon,0.00000,4.94,7667,8000,A_main_1150,1150.0,fixed_1150,glm,normal,正常,1,0.0000,0.0000,未见故障特征,,
022,wav/正常/9-16__OK2__record_98_1789456481.wav,正常,OK2,9-16,afternoon,0.00000,4.94,7667,8000,A_main_1150,1150.0,fixed_1150,kimi,outer,外圈,0,2463.02,1441.21,,1,0.0015
022,wav/正常/9-16__OK2__record_98_1789456481.wav,正常,OK2,9-16,afternoon,0.00000,4.94,7667,8000,B_fr_est,1157.6,fr_est,glm,normal,正常,1,0.0000,0.0000,未见故障特征,,
022,wav/正常/9-16__OK2__record_98_1789456481.wav,正常,OK2,9-16,afternoon,0.00000,4.94,7667,8000,B_fr_est,1157.6,fr_est,kimi,outer,外圈,0,2463.02,1508.57,,1,0.0051
023,wav/正常/9-16__OK3__record_98_1789456518.wav,正常,OK3,9-16,afternoon,0.00000,3.96,5167,5500,A_main_1150,1150.0,fixed_1150,glm,normal,正常,1,0.0000,0.0000,未见故障特征,,
023,wav/正常/9-16__OK3__record_98_1789456518.wav,正常,OK3,9-16,afternoon,0.00000,3.96,5167,5500,A_main_1150,1150.0,fixed_1150,kimi,ball,滚珠,0,2201.57,1694.25,,1,0.0087
023,wav/正常/9-16__OK3__record_98_1789456518.wav,正常,OK3,9-16,afternoon,0.00000,3.96,5167,5500,B_fr_est,1112.0,fr_est,glm,normal,正常,1,0.0000,0.0000,未见故障特征,,
023,wav/正常/9-16__OK3__record_98_1789456518.wav,正常,OK3,9-16,afternoon,0.00000,3.96,5167,5500,B_fr_est,1112.0,fr_est,kimi,inner,内圈,0,1667.58,1475.20,,1,0.0128
024,wav/正常/9-16__OK4__record_98_1789456550.wav,正常,OK4,9-16,afternoon,0.00000,7.17,7667,8000,A_main_1150,1150.0,fixed_1150,glm,normal,正常,1,0.0000,0.0000,未见故障特征,,
024,wav/正常/9-16__OK4__record_98_1789456550.wav,正常,OK4,9-16,afternoon,0.00000,7.17,7667,8000,A_main_1150,1150.0,fixed_1150,kimi,outer,外圈,0,1901.91,1722.22,,1,0.0185
024,wav/正常/9-16__OK4__record_98_1789456550.wav,正常,OK4,9-16,afternoon,0.00000,7.17,7667,8000,B_fr_est,1151.6,fr_est,glm,normal,正常,1,0.0000,0.0000,未见故障特征,,
024,wav/正常/9-16__OK4__record_98_1789456550.wav,正常,OK4,9-16,afternoon,0.00000,7.17,7667,8000,B_fr_est,1151.6,fr_est,kimi,outer,外圈,0,1901.91,1722.22,,1,0.0171
025,wav/正常/9-16__OK5__record_98_1789456581.wav,正常,OK5,9-16,afternoon,0.00000,5.68,6167,6500,A_main_1150,1150.0,fixed_1150,glm,normal,正常,1,0.0000,0.0000,未见故障特征,,
025,wav/正常/9-16__OK5__record_98_1789456581.wav,正常,OK5,9-16,afternoon,0.00000,5.68,6167,6500,A_main_1150,1150.0,fixed_1150,kimi,outer,外圈,0,1591.93,1530.18,,1,0.0118
025,wav/正常/9-16__OK5__record_98_1789456581.wav,正常,OK5,9-16,afternoon,0.00000,5.68,6167,6500,B_fr_est,1187.6,fr_est,glm,normal,正常,1,0.0000,0.0000,未见故障特征,,
025,wav/正常/9-16__OK5__record_98_1789456581.wav,正常,OK5,9-16,afternoon,0.00000,5.68,6167,6500,B_fr_est,1187.6,fr_est,kimi,inner,内圈,0,1507.13,1474.47,,1,0.0055
026,wav/正常/9-16__OK6__record_98_1789456613.wav,正常,OK6,9-16,afternoon,0.00000,5.17,1000,1333,A_main_1150,1150.0,fixed_1150,glm,normal,正常,1,0.0000,0.0000,未见故障特征,,
026,wav/正常/9-16__OK6__record_98_1789456613.wav,正常,OK6,9-16,afternoon,0.00000,5.17,1000,1333,A_main_1150,1150.0,fixed_1150,kimi,cage,其他,0,11316.96,6397.97,,0,0.0085
026,wav/正常/9-16__OK6__record_98_1789456613.wav,正常,OK6,9-16,afternoon,0.00000,5.17,1000,1333,B_fr_est,1199.6,fr_est,glm,normal,正常,1,0.0000,0.0000,未见故障特征,,
026,wav/正常/9-16__OK6__record_98_1789456613.wav,正常,OK6,9-16,afternoon,0.00000,5.17,1000,1333,B_fr_est,1199.6,fr_est,kimi,cage,其他,0,9520.29,5388.51,,0,0.0042
027,wav/正常/9-16__OK7__record_98_1789456640.wav,正常,OK7,9-16,afternoon,0.00000,9.49,2500,2833,A_main_1150,1150.0,fixed_1150,glm,normal,正常,1,0.0000,0.0000,未见故障特征,,
027,wav/正常/9-16__OK7__record_98_1789456640.wav,正常,OK7,9-16,afternoon,0.00000,9.49,2500,2833,A_main_1150,1150.0,fixed_1150,kimi,cage,其他,0,3741.45,3545.97,,0,0.0085
027,wav/正常/9-16__OK7__record_98_1789456640.wav,正常,OK7,9-16,afternoon,0.00000,9.49,2500,2833,B_fr_est,1178.0,fr_est,glm,normal,正常,1,0.0000,0.0000,未见故障特征,,
027,wav/正常/9-16__OK7__record_98_1789456640.wav,正常,OK7,9-16,afternoon,0.00000,9.49,2500,2833,B_fr_est,1178.0,fr_est,kimi,outer,外圈,0,4071.68,3476.39,,0,0.0057
028,wav/正常/9-16__OK8__record_98_1789456668.wav,正常,OK8,9-16,afternoon,0.00000,2.91,5167,5500,A_main_1150,1150.0,fixed_1150,glm,normal,正常,1,0.0000,0.0000,未见故障特征,,
028,wav/正常/9-16__OK8__record_98_1789456668.wav,正常,OK8,9-16,afternoon,0.00000,2.91,5167,5500,A_main_1150,1150.0,fixed_1150,kimi,ball,滚珠,0,1847.12,1709.85,,1,0.0061
028,wav/正常/9-16__OK8__record_98_1789456668.wav,正常,OK8,9-16,afternoon,0.00000,2.91,5167,5500,B_fr_est,1109.6,fr_est,glm,normal,正常,1,0.0000,0.0000,未见故障特征,,
028,wav/正常/9-16__OK8__record_98_1789456668.wav,正常,OK8,9-16,afternoon,0.00000,2.91,5167,5500,B_fr_est,1109.6,fr_est,kimi,inner,内圈,0,1865.20,1691.73,,1,0.0069
029,wav/正常/9-16__OK9__record_98_1789456696.wav,正常,OK9,9-16,afternoon,0.00000,3.03,4000,4333,A_main_1150,1150.0,fixed_1150,glm,normal,正常,1,0.0000,0.0000,未见故障特征,,
029,wav/正常/9-16__OK9__record_98_1789456696.wav,正常,OK9,9-16,afternoon,0.00000,3.03,4000,4333,A_main_1150,1150.0,fixed_1150,kimi,ball,滚珠,0,4471.20,3739.30,,1,0.0037
029,wav/正常/9-16__OK9__record_98_1789456696.wav,正常,OK9,9-16,afternoon,0.00000,3.03,4000,4333,B_fr_est,1162.4,fr_est,glm,normal,正常,1,0.0000,0.0000,未见故障特征,,
029,wav/正常/9-16__OK9__record_98_1789456696.wav,正常,OK9,9-16,afternoon,0.00000,3.03,4000,4333,B_fr_est,1162.4,fr_est,kimi,ball,滚珠,0,4471.20,3851.59,,1,0.0070
030,wav/正常/9-16__OK10__record_98_1789456722.wav,正常,OK10,9-16,afternoon,0.00000,4.23,833,1167,A_main_1150,1150.0,fixed_1150,glm,normal,正常,1,0.0000,0.0000,未见故障特征,,
030,wav/正常/9-16__OK10__record_98_1789456722.wav,正常,OK10,9-16,afternoon,0.00000,4.23,833,1167,A_main_1150,1150.0,fixed_1150,kimi,ball,滚珠,0,8812.86,7458.03,,0,0.0087
030,wav/正常/9-16__OK10__record_98_1789456722.wav,正常,OK10,9-16,afternoon,0.00000,4.23,833,1167,B_fr_est,1106.0,fr_est,glm,normal,正常,1,0.0653,0.0475,未见故障特征,,
030,wav/正常/9-16__OK10__record_98_1789456722.wav,正常,OK10,9-16,afternoon,0.00000,4.23,833,1167,B_fr_est,1106.0,fr_est,kimi,ball,滚珠,0,12905.43,11285.92,,0,0.0094
031,wav/滚珠/9-17__滚珠不良1__record_98_1789612361.wav,滚珠,滚珠不良1,9-17,morning,0.00000,7.43,6000,6333,A_main_1150,1150.0,fixed_1150,glm,normal,正常,0,0.0000,0.0000,未见故障特征,,
031,wav/滚珠/9-17__滚珠不良1__record_98_1789612361.wav,滚珠,滚珠不良1,9-17,morning,0.00000,7.43,6000,6333,A_main_1150,1150.0,fixed_1150,kimi,ball,滚珠,1,1662.35,1500.38,,1,0.0186
031,wav/滚珠/9-17__滚珠不良1__record_98_1789612361.wav,滚珠,滚珠不良1,9-17,morning,0.00000,7.43,6000,6333,B_fr_est,1138.4,fr_est,glm,normal,正常,0,0.0000,0.0000,未见故障特征,,
031,wav/滚珠/9-17__滚珠不良1__record_98_1789612361.wav,滚珠,滚珠不良1,9-17,morning,0.00000,7.43,6000,6333,B_fr_est,1138.4,fr_est,kimi,ball,滚珠,1,1569.99,1551.27,,1,0.0190
032,wav/滚珠/9-17__滚珠不良1__record_98_1789612445.wav,滚珠,滚珠不良1,9-17,morning,0.00000,5.72,833,1167,A_main_1150,1150.0,fixed_1150,glm,normal,正常,0,0.0624,0.0000,未见故障特征,,
032,wav/滚珠/9-17__滚珠不良1__record_98_1789612445.wav,滚珠,滚珠不良1,9-17,morning,0.00000,5.72,833,1167,A_main_1150,1150.0,fixed_1150,kimi,cage,其他,0,20364.93,9381.36,,0,0.0077
032,wav/滚珠/9-17__滚珠不良1__record_98_1789612445.wav,滚珠,滚珠不良1,9-17,morning,0.00000,5.72,833,1167,B_fr_est,1138.4,fr_est,glm,normal,正常,0,0.0624,0.0000,未见故障特征,,
032,wav/滚珠/9-17__滚珠不良1__record_98_1789612445.wav,滚珠,滚珠不良1,9-17,morning,0.00000,5.72,833,1167,B_fr_est,1138.4,fr_est,kimi,cage,其他,0,20364.93,9260.22,,0,0.0025
033,wav/滚珠/9-17__滚珠不良2__record_98_1789612552.wav,滚珠,滚珠不良2,9-17,morning,0.00000,3.95,7667,8000,A_main_1150,1150.0,fixed_1150,glm,normal,正常,0,0.0000,0.0000,未见故障特征,,
033,wav/滚珠/9-17__滚珠不良2__record_98_1789612552.wav,滚珠,滚珠不良2,9-17,morning,0.00000,3.95,7667,8000,A_main_1150,1150.0,fixed_1150,kimi,outer,外圈,0,4220.01,4196.21,,1,0.0118
033,wav/滚珠/9-17__滚珠不良2__record_98_1789612552.wav,滚珠,滚珠不良2,9-17,morning,0.00000,3.95,7667,8000,B_fr_est,1161.2,fr_est,glm,normal,正常,0,0.0000,0.0000,未见故障特征,,
033,wav/滚珠/9-17__滚珠不良2__record_98_1789612552.wav,滚珠,滚珠不良2,9-17,morning,0.00000,3.95,7667,8000,B_fr_est,1161.2,fr_est,kimi,ball,滚珠,1,4744.02,4221.24,,1,0.0022
034,wav/滚珠/9-17__滚珠不良2__record_98_1789612600.wav,滚珠,滚珠不良2,9-17,morning,0.00000,4.67,1000,1500,A_main_1150,1150.0,fixed_1150,glm,normal,正常,0,0.0593,0.0471,未见故障特征,,
034,wav/滚珠/9-17__滚珠不良2__record_98_1789612600.wav,滚珠,滚珠不良2,9-17,morning,0.00000,4.67,1000,1500,A_main_1150,1150.0,fixed_1150,kimi,ball,滚珠,1,4196.29,4165.20,,0,0.0136
034,wav/滚珠/9-17__滚珠不良2__record_98_1789612600.wav,滚珠,滚珠不良2,9-17,morning,0.00000,4.67,1000,1500,B_fr_est,1161.2,fr_est,glm,normal,正常,0,0.0464,0.0000,未见故障特征,,
034,wav/滚珠/9-17__滚珠不良2__record_98_1789612600.wav,滚珠,滚珠不良2,9-17,morning,0.00000,4.67,1000,1500,B_fr_est,1161.2,fr_est,kimi,inner,内圈,0,4699.44,4193.64,,0,0.0167
035,wav/滚珠/9-17__滚珠不良3__record_98_1789612678.wav,滚珠,滚珠不良3,9-17,morning,0.00000,5.97,833,1167,A_main_1150,1150.0,fixed_1150,glm,normal,正常,0,0.0603,0.0239,未见故障特征,,
035,wav/滚珠/9-17__滚珠不良3__record_98_1789612678.wav,滚珠,滚珠不良3,9-17,morning,0.00000,5.97,833,1167,A_main_1150,1150.0,fixed_1150,kimi,ball,滚珠,1,11343.75,10756.07,,0,0.0144
035,wav/滚珠/9-17__滚珠不良3__record_98_1789612678.wav,滚珠,滚珠不良3,9-17,morning,0.00000,5.97,833,1167,B_fr_est,1127.6,fr_est,glm,normal,正常,0,0.0593,0.0321,未见故障特征,,
035,wav/滚珠/9-17__滚珠不良3__record_98_1789612678.wav,滚珠,滚珠不良3,9-17,morning,0.00000,5.97,833,1167,B_fr_est,1127.6,fr_est,kimi,inner,内圈,0,15334.67,11434.33,,0,0.0047
036,wav/滚珠/9-17__滚珠不良3__record_98_1789612685.wav,滚珠,滚珠不良3,9-17,morning,0.00000,6.25,833,1167,A_main_1150,1150.0,fixed_1150,glm,normal,正常,0,0.0000,0.0000,未见故障特征,,
036,wav/滚珠/9-17__滚珠不良3__record_98_1789612685.wav,滚珠,滚珠不良3,9-17,morning,0.00000,6.25,833,1167,A_main_1150,1150.0,fixed_1150,kimi,outer,外圈,0,7638.81,7290.02,,0,0.0191
036,wav/滚珠/9-17__滚珠不良3__record_98_1789612685.wav,滚珠,滚珠不良3,9-17,morning,0.00000,6.25,833,1167,B_fr_est,1127.6,fr_est,glm,normal,正常,0,0.0000,0.0000,未见故障特征,,
036,wav/滚珠/9-17__滚珠不良3__record_98_1789612685.wav,滚珠,滚珠不良3,9-17,morning,0.00000,6.25,833,1167,B_fr_est,1127.6,fr_est,kimi,ball,滚珠,1,9507.25,8823.52,,0,0.0051
037,wav/滚珠/9-17__滚珠不良4__record_98_1789612774.wav,滚珠,滚珠不良4,9-17,morning,0.00000,4.77,667,1333,A_main_1150,1150.0,fixed_1150,glm,normal,正常,0,0.0607,0.0423,未见故障特征,,
037,wav/滚珠/9-17__滚珠不良4__record_98_1789612774.wav,滚珠,滚珠不良4,9-17,morning,0.00000,4.77,667,1333,A_main_1150,1150.0,fixed_1150,kimi,outer,外圈,0,2319.71,2075.49,,0,0.0152
037,wav/滚珠/9-17__滚珠不良4__record_98_1789612774.wav,滚珠,滚珠不良4,9-17,morning,0.00000,4.77,667,1333,B_fr_est,1178.0,fr_est,glm,normal,正常,0,0.0864,0.0764,未见故障特征,,
037,wav/滚珠/9-17__滚珠不良4__record_98_1789612774.wav,滚珠,滚珠不良4,9-17,morning,0.00000,4.77,667,1333,B_fr_est,1178.0,fr_est,kimi,inner,内圈,0,2440.97,1557.13,,0,0.0079
038,wav/滚珠/9-17__滚珠不良4__record_98_1789612779.wav,滚珠,滚珠不良4,9-17,morning,0.00000,4.69,667,1333,A_main_1150,1150.0,fixed_1150,glm,normal,正常,0,0.0623,0.0513,未见故障特征,,
038,wav/滚珠/9-17__滚珠不良4__record_98_1789612779.wav,滚珠,滚珠不良4,9-17,morning,0.00000,4.69,667,1333,A_main_1150,1150.0,fixed_1150,kimi,outer,外圈,0,1860.90,1699.20,,0,0.0118
038,wav/滚珠/9-17__滚珠不良4__record_98_1789612779.wav,滚珠,滚珠不良4,9-17,morning,0.00000,4.69,667,1333,B_fr_est,1178.0,fr_est,glm,normal,正常,0,0.0931,0.0777,未见故障特征,,
038,wav/滚珠/9-17__滚珠不良4__record_98_1789612779.wav,滚珠,滚珠不良4,9-17,morning,0.00000,4.69,667,1333,B_fr_est,1178.0,fr_est,kimi,inner,内圈,0,1953.61,1257.33,,0,0.0118
039,wav/滚珠/9-17__滚珠不良5__record_98_1789612850.wav,滚珠,滚珠不良5,9-17,morning,0.00000,7.12,667,1333,A_main_1150,1150.0,fixed_1150,glm,BPFI,内圈,0,0.1470,0.0676,疑似（建议人工复核包络谱）,,
039,wav/滚珠/9-17__滚珠不良5__record_98_1789612850.wav,滚珠,滚珠不良5,9-17,morning,0.00000,7.12,667,1333,A_main_1150,1150.0,fixed_1150,kimi,inner,内圈,0,3842.12,3614.52,,0,0.0167
039,wav/滚珠/9-17__滚珠不良5__record_98_1789612850.wav,滚珠,滚珠不良5,9-17,morning,0.00000,7.12,667,1333,B_fr_est,1113.2,fr_est,glm,normal,正常,0,0.1373,0.0654,未见故障特征,,
039,wav/滚珠/9-17__滚珠不良5__record_98_1789612850.wav,滚珠,滚珠不良5,9-17,morning,0.00000,7.12,667,1333,B_fr_est,1113.2,fr_est,kimi,inner,内圈,0,3613.39,1611.17,,0,0.0158
040,wav/滚珠/9-17__滚珠不良5__record_98_1789612864.wav,滚珠,滚珠不良5,9-17,morning,0.00000,10.05,833,1167,A_main_1150,1150.0,fixed_1150,glm,normal,正常,0,0.0712,0.0381,未见故障特征,,
040,wav/滚珠/9-17__滚珠不良5__record_98_1789612864.wav,滚珠,滚珠不良5,9-17,morning,0.00000,10.05,833,1167,A_main_1150,1150.0,fixed_1150,kimi,outer,外圈,0,8415.95,7527.48,,0,0.0017
040,wav/滚珠/9-17__滚珠不良5__record_98_1789612864.wav,滚珠,滚珠不良5,9-17,morning,0.00000,10.05,833,1167,B_fr_est,1113.2,fr_est,glm,normal,正常,0,0.0808,0.0722,未见故障特征,,
040,wav/滚珠/9-17__滚珠不良5__record_98_1789612864.wav,滚珠,滚珠不良5,9-17,morning,0.00000,10.05,833,1167,B_fr_est,1113.2,fr_est,kimi,inner,内圈,0,8652.97,7039.32,,0,0.0138
041,wav/滚珠/9-17__滚珠不良6__record_98_1789612926.wav,滚珠,滚珠不良6,9-17,morning,0.00000,8.52,667,1333,A_main_1150,1150.0,fixed_1150,glm,BPFI,内圈,0,0.4438,0.0914,疑似（建议人工复核包络谱）,,
041,wav/滚珠/9-17__滚珠不良6__record_98_1789612926.wav,滚珠,滚珠不良6,9-17,morning,0.00000,8.52,667,1333,A_main_1150,1150.0,fixed_1150,kimi,inner,内圈,0,8556.88,6405.81,,0,0.0089
041,wav/滚珠/9-17__滚珠不良6__record_98_1789612926.wav,滚珠,滚珠不良6,9-17,morning,0.00000,8.52,667,1333,B_fr_est,1145.6,fr_est,glm,BPFI,内圈,0,0.4171,0.0904,疑似（建议人工复核包络谱）,,
041,wav/滚珠/9-17__滚珠不良6__record_98_1789612926.wav,滚珠,滚珠不良6,9-17,morning,0.00000,8.52,667,1333,B_fr_est,1145.6,fr_est,kimi,inner,内圈,0,8556.88,6405.81,,0,0.0050
042,wav/滚珠/9-17__滚珠不良6__record_98_1789612940.wav,滚珠,滚珠不良6,9-17,morning,0.00000,7.91,667,1333,A_main_1150,1150.0,fixed_1150,glm,BPFI,内圈,0,0.3846,0.0842,疑似（建议人工复核包络谱）,,
042,wav/滚珠/9-17__滚珠不良6__record_98_1789612940.wav,滚珠,滚珠不良6,9-17,morning,0.00000,7.91,667,1333,A_main_1150,1150.0,fixed_1150,kimi,inner,内圈,0,10394.58,7763.31,,0,0.0029
042,wav/滚珠/9-17__滚珠不良6__record_98_1789612940.wav,滚珠,滚珠不良6,9-17,morning,0.00000,7.91,667,1333,B_fr_est,1145.6,fr_est,glm,BPFI,内圈,0,0.3831,0.0847,疑似（建议人工复核包络谱）,,
042,wav/滚珠/9-17__滚珠不良6__record_98_1789612940.wav,滚珠,滚珠不良6,9-17,morning,0.00000,7.91,667,1333,B_fr_est,1145.6,fr_est,kimi,inner,内圈,0,10394.58,7763.31,,0,0.0068
043,wav/滚珠/9-17__滚珠不良7__record_98_1789612988.wav,滚珠,滚珠不良7,9-17,morning,0.00000,6.48,1667,2333,A_main_1150,1150.0,fixed_1150,glm,normal,正常,0,0.1145,0.0727,未见故障特征,,
043,wav/滚珠/9-17__滚珠不良7__record_98_1789612988.wav,滚珠,滚珠不良7,9-17,morning,0.00000,6.48,1667,2333,A_main_1150,1150.0,fixed_1150,kimi,cage,其他,0,2768.95,1961.74,,0,0.0073
043,wav/滚珠/9-17__滚珠不良7__record_98_1789612988.wav,滚珠,滚珠不良7,9-17,morning,0.00000,6.48,1667,2333,B_fr_est,1100.0,fr_est,glm,BSF,滚珠,1,0.2563,0.0000,疑似（建议人工复核包络谱）,,
043,wav/滚珠/9-17__滚珠不良7__record_98_1789612988.wav,滚珠,滚珠不良7,9-17,morning,0.00000,6.48,1667,2333,B_fr_est,1100.0,fr_est,kimi,ball,滚珠,1,3016.42,883.60,,0,0.0075
044,wav/滚珠/9-17__滚珠不良7__record_98_1789613009.wav,滚珠,滚珠不良7,9-17,morning,0.00000,8.74,833,1167,A_main_1150,1150.0,fixed_1150,glm,BPFI,内圈,0,0.3121,0.1060,疑似（建议人工复核包络谱）,,
044,wav/滚珠/9-17__滚珠不良7__record_98_1789613009.wav,滚珠,滚珠不良7,9-17,morning,0.00000,8.74,833,1167,A_main_1150,1150.0,fixed_1150,kimi,cage,其他,0,32807.39,25885.22,,0,0.0085
044,wav/滚珠/9-17__滚珠不良7__record_98_1789613009.wav,滚珠,滚珠不良7,9-17,morning,0.00000,8.74,833,1167,B_fr_est,1100.0,fr_est,glm,BSF,滚珠,1,0.3084,0.0422,疑似（建议人工复核包络谱）,,
044,wav/滚珠/9-17__滚珠不良7__record_98_1789613009.wav,滚珠,滚珠不良7,9-17,morning,0.00000,8.74,833,1167,B_fr_est,1100.0,fr_est,kimi,ball,滚珠,1,41810.58,7041.71,,0,0.0178
045,wav/滚珠/9-17__滚珠不良8__record_98_1789613058.wav,滚珠,滚珠不良8,9-17,morning,0.00000,4.38,5333,5667,A_main_1150,1150.0,fixed_1150,glm,normal,正常,0,0.0000,0.0000,未见故障特征,,
045,wav/滚珠/9-17__滚珠不良8__record_98_1789613058.wav,滚珠,滚珠不良8,9-17,morning,0.00000,4.38,5333,5667,A_main_1150,1150.0,fixed_1150,kimi,cage,其他,0,2132.14,1944.42,,1,0.0083
045,wav/滚珠/9-17__滚珠不良8__record_98_1789613058.wav,滚珠,滚珠不良8,9-17,morning,0.00000,4.38,5333,5667,B_fr_est,1181.6,fr_est,glm,normal,正常,0,0.0000,0.0000,未见故障特征,,
045,wav/滚珠/9-17__滚珠不良8__record_98_1789613058.wav,滚珠,滚珠不良8,9-17,morning,0.00000,4.38,5333,5667,B_fr_est,1181.6,fr_est,kimi,cage,其他,0,2255.42,1656.42,,1,0.0186
046,wav/滚珠/9-17__滚珠不良8__record_98_1789613071.wav,滚珠,滚珠不良8,9-17,morning,0.00000,2.81,5500,5833,A_main_1150,1150.0,fixed_1150,glm,normal,正常,0,0.0000,0.0000,未见故障特征,,
046,wav/滚珠/9-17__滚珠不良8__record_98_1789613071.wav,滚珠,滚珠不良8,9-17,morning,0.00000,2.81,5500,5833,A_main_1150,1150.0,fixed_1150,kimi,ball,滚珠,1,2154.03,1664.82,,1,0.0012
046,wav/滚珠/9-17__滚珠不良8__record_98_1789613071.wav,滚珠,滚珠不良8,9-17,morning,0.00000,2.81,5500,5833,B_fr_est,1181.6,fr_est,glm,normal,正常,0,0.0000,0.0000,未见故障特征,,
046,wav/滚珠/9-17__滚珠不良8__record_98_1789613071.wav,滚珠,滚珠不良8,9-17,morning,0.00000,2.81,5500,5833,B_fr_est,1181.6,fr_est,kimi,ball,滚珠,1,2034.32,1865.54,,1,0.0038
047,wav/滚珠/9-17__滚珠不良9__record_98_1789613150.wav,滚珠,滚珠不良9,9-17,morning,0.00000,3.92,1500,2000,A_main_1150,1150.0,fixed_1150,glm,normal,正常,0,0.0633,0.0000,未见故障特征,,
047,wav/滚珠/9-17__滚珠不良9__record_98_1789613150.wav,滚珠,滚珠不良9,9-17,morning,0.00000,3.92,1500,2000,A_main_1150,1150.0,fixed_1150,kimi,outer,外圈,0,5356.02,4611.45,,0,0.0197
047,wav/滚珠/9-17__滚珠不良9__record_98_1789613150.wav,滚珠,滚珠不良9,9-17,morning,0.00000,3.92,1500,2000,B_fr_est,1196.0,fr_est,glm,normal,正常,0,0.0289,0.0000,未见故障特征,,
047,wav/滚珠/9-17__滚珠不良9__record_98_1789613150.wav,滚珠,滚珠不良9,9-17,morning,0.00000,3.92,1500,2000,B_fr_est,1196.0,fr_est,kimi,outer,外圈,0,4503.08,4283.61,,0,0.0020
048,wav/滚珠/9-17__滚珠不良9__record_98_1789613163.wav,滚珠,滚珠不良9,9-17,morning,0.00000,4.82,5833,6167,A_main_1150,1150.0,fixed_1150,glm,normal,正常,0,0.0000,0.0000,未见故障特征,,
048,wav/滚珠/9-17__滚珠不良9__record_98_1789613163.wav,滚珠,滚珠不良9,9-17,morning,0.00000,4.82,5833,6167,A_main_1150,1150.0,fixed_1150,kimi,outer,外圈,0,1447.30,1432.06,,1,0.0017
048,wav/滚珠/9-17__滚珠不良9__record_98_1789613163.wav,滚珠,滚珠不良9,9-17,morning,0.00000,4.82,5833,6167,B_fr_est,1196.0,fr_est,glm,normal,正常,0,0.0000,0.0000,未见故障特征,,
048,wav/滚珠/9-17__滚珠不良9__record_98_1789613163.wav,滚珠,滚珠不良9,9-17,morning,0.00000,4.82,5833,6167,B_fr_est,1196.0,fr_est,kimi,inner,内圈,0,1565.18,1454.82,,1,0.0104
049,wav/滚珠/9-17__滚珠不良10__record_98_1789613197.wav,滚珠,滚珠不良10,9-17,morning,0.00000,3.89,5333,5667,A_main_1150,1150.0,fixed_1150,glm,normal,正常,0,0.0000,0.0000,未见故障特征,,
049,wav/滚珠/9-17__滚珠不良10__record_98_1789613197.wav,滚珠,滚珠不良10,9-17,morning,0.00000,3.89,5333,5667,A_main_1150,1150.0,fixed_1150,kimi,outer,外圈,0,1669.81,1574.36,,1,0.0062
049,wav/滚珠/9-17__滚珠不良10__record_98_1789613197.wav,滚珠,滚珠不良10,9-17,morning,0.00000,3.89,5333,5667,B_fr_est,1184.0,fr_est,glm,normal,正常,0,0.0000,0.0000,未见故障特征,,
049,wav/滚珠/9-17__滚珠不良10__record_98_1789613197.wav,滚珠,滚珠不良10,9-17,morning,0.00000,3.89,5333,5667,B_fr_est,1184.0,fr_est,kimi,inner,内圈,0,1865.13,1757.12,,1,0.0042
050,wav/滚珠/9-17__滚珠不良10__record_98_1789613208.wav,滚珠,滚珠不良10,9-17,morning,0.00000,2.88,5667,6000,A_main_1150,1150.0,fixed_1150,glm,normal,正常,0,0.0000,0.0000,未见故障特征,,
050,wav/滚珠/9-17__滚珠不良10__record_98_1789613208.wav,滚珠,滚珠不良10,9-17,morning,0.00000,2.88,5667,6000,A_main_1150,1150.0,fixed_1150,kimi,outer,外圈,0,2204.62,2058.27,,1,0.0107
050,wav/滚珠/9-17__滚珠不良10__record_98_1789613208.wav,滚珠,滚珠不良10,9-17,morning,0.00000,2.88,5667,6000,B_fr_est,1184.0,fr_est,glm,normal,正常,0,0.0000,0.0000,未见故障特征,,
050,wav/滚珠/9-17__滚珠不良10__record_98_1789613208.wav,滚珠,滚珠不良10,9-17,morning,0.00000,2.88,5667,6000,B_fr_est,1184.0,fr_est,kimi,outer,外圈,0,2280.19,2077.73,,1,0.0002
051,wav/滚珠/9-17__滚珠不良2__record_98_1789613765.wav,滚珠,滚珠不良2,9-17,morning,0.00000,9.40,833,1167,A_main_1150,1150.0,fixed_1150,glm,normal,正常,0,0.0000,0.0000,未见故障特征,,
051,wav/滚珠/9-17__滚珠不良2__record_98_1789613765.wav,滚珠,滚珠不良2,9-17,morning,0.00000,9.40,833,1167,A_main_1150,1150.0,fixed_1150,kimi,cage,其他,0,7143.20,4952.23,,0,0.0085
051,wav/滚珠/9-17__滚珠不良2__record_98_1789613765.wav,滚珠,滚珠不良2,9-17,morning,0.00000,9.40,833,1167,B_fr_est,1161.2,fr_est,glm,normal,正常,0,0.0000,0.0000,未见故障特征,,
051,wav/滚珠/9-17__滚珠不良2__record_98_1789613765.wav,滚珠,滚珠不良2,9-17,morning,0.00000,9.40,833,1167,B_fr_est,1161.2,fr_est,kimi,cage,其他,0,7143.20,5100.02,,0,0.0180
052,wav/滚珠/9-17__滚珠不良2__record_98_1789613777.wav,滚珠,滚珠不良2,9-17,morning,0.00000,6.40,1000,1333,A_main_1150,1150.0,fixed_1150,glm,normal,正常,0,0.0000,0.0000,未见故障特征,,
052,wav/滚珠/9-17__滚珠不良2__record_98_1789613777.wav,滚珠,滚珠不良2,9-17,morning,0.00000,6.40,1000,1333,A_main_1150,1150.0,fixed_1150,kimi,outer,外圈,0,9175.32,8736.87,,0,0.0152
052,wav/滚珠/9-17__滚珠不良2__record_98_1789613777.wav,滚珠,滚珠不良2,9-17,morning,0.00000,6.40,1000,1333,B_fr_est,1161.2,fr_est,glm,normal,正常,0,0.0000,0.0000,未见故障特征,,
052,wav/滚珠/9-17__滚珠不良2__record_98_1789613777.wav,滚珠,滚珠不良2,9-17,morning,0.00000,6.40,1000,1333,B_fr_est,1161.2,fr_est,kimi,cage,其他,0,10080.31,8175.03,,0,0.0180
053,wav/内圈/9-18__内圈4__record_98_1788836582.wav,内圈,内圈4,9-18,morning,0.00000,8.80,6667,8000,A_main_1150,1150.0,fixed_1150,glm,normal,正常,0,0.0000,0.0000,未见故障特征,,
053,wav/内圈/9-18__内圈4__record_98_1788836582.wav,内圈,内圈4,9-18,morning,0.00000,8.80,6667,8000,A_main_1150,1150.0,fixed_1150,kimi,inner,内圈,1,1208.89,1086.06,,1,0.0154
053,wav/内圈/9-18__内圈4__record_98_1788836582.wav,内圈,内圈4,9-18,morning,0.00000,8.80,6667,8000,B_fr_est,1150.0,fallback_1150,glm,normal,正常,0,0.0000,0.0000,未见故障特征,,
053,wav/内圈/9-18__内圈4__record_98_1788836582.wav,内圈,内圈4,9-18,morning,0.00000,8.80,6667,8000,B_fr_est,1150.0,fallback_1150,kimi,inner,内圈,1,1208.89,1086.06,,1,0.0154
054,wav/内圈/9-18__内圈4__record_98_1788836593.wav,内圈,内圈4,9-18,morning,0.00000,10.85,6000,7333,A_main_1150,1150.0,fixed_1150,glm,normal,正常,0,0.0382,0.0228,未见故障特征,,
054,wav/内圈/9-18__内圈4__record_98_1788836593.wav,内圈,内圈4,9-18,morning,0.00000,10.85,6000,7333,A_main_1150,1150.0,fixed_1150,kimi,inner,内圈,1,804.37,417.71,,0,0.0115
054,wav/内圈/9-18__内圈4__record_98_1788836593.wav,内圈,内圈4,9-18,morning,0.00000,10.85,6000,7333,B_fr_est,1150.0,fallback_1150,glm,normal,正常,0,0.0382,0.0228,未见故障特征,,
054,wav/内圈/9-18__内圈4__record_98_1788836593.wav,内圈,内圈4,9-18,morning,0.00000,10.85,6000,7333,B_fr_est,1150.0,fallback_1150,kimi,inner,内圈,1,804.37,417.71,,0,0.0115
055,wav/内圈/9-18__内圈5__record_98_1788836619.wav,内圈,内圈5,9-18,morning,0.00000,3.08,2000,3333,A_main_1150,1150.0,fixed_1150,glm,normal,正常,0,0.0893,0.0656,未见故障特征,,
055,wav/内圈/9-18__内圈5__record_98_1788836619.wav,内圈,内圈5,9-18,morning,0.00000,3.08,2000,3333,A_main_1150,1150.0,fixed_1150,kimi,outer,外圈,0,458.61,435.60,,0,0.0140
055,wav/内圈/9-18__内圈5__record_98_1788836619.wav,内圈,内圈5,9-18,morning,0.00000,3.08,2000,3333,B_fr_est,1150.0,fallback_1150,glm,normal,正常,0,0.0893,0.0656,未见故障特征,,
055,wav/内圈/9-18__内圈5__record_98_1788836619.wav,内圈,内圈5,9-18,morning,0.00000,3.08,2000,3333,B_fr_est,1150.0,fallback_1150,kimi,outer,外圈,0,458.61,435.60,,0,0.0140
056,wav/内圈/9-18__内圈5__record_98_1788836633.wav,内圈,内圈5,9-18,morning,0.00000,5.24,6000,8000,A_main_1150,1150.0,fixed_1150,glm,normal,正常,0,0.1155,0.0536,未见故障特征,,
056,wav/内圈/9-18__内圈5__record_98_1788836633.wav,内圈,内圈5,9-18,morning,0.00000,5.24,6000,8000,A_main_1150,1150.0,fixed_1150,kimi,ball,滚珠,0,192.98,138.80,,1,0.0061
056,wav/内圈/9-18__内圈5__record_98_1788836633.wav,内圈,内圈5,9-18,morning,0.00000,5.24,6000,8000,B_fr_est,1150.0,fallback_1150,glm,normal,正常,0,0.1155,0.0536,未见故障特征,,
056,wav/内圈/9-18__内圈5__record_98_1788836633.wav,内圈,内圈5,9-18,morning,0.00000,5.24,6000,8000,B_fr_est,1150.0,fallback_1150,kimi,ball,滚珠,0,192.98,138.80,,1,0.0061
057,wav/内圈/9-18__内圈5__record_98_1788836645.wav,内圈,内圈5,9-18,morning,0.00000,5.09,6000,8000,A_main_1150,1150.0,fixed_1150,glm,BPFO,外圈,0,0.1280,0.0931,疑似（建议人工复核包络谱）,,
057,wav/内圈/9-18__内圈5__record_98_1788836645.wav,内圈,内圈5,9-18,morning,0.00000,5.09,6000,8000,A_main_1150,1150.0,fixed_1150,kimi,outer,外圈,0,400.56,177.72,,1,0.0163
057,wav/内圈/9-18__内圈5__record_98_1788836645.wav,内圈,内圈5,9-18,morning,0.00000,5.09,6000,8000,B_fr_est,1150.0,fallback_1150,glm,BPFO,外圈,0,0.1280,0.0931,疑似（建议人工复核包络谱）,,
057,wav/内圈/9-18__内圈5__record_98_1788836645.wav,内圈,内圈5,9-18,morning,0.00000,5.09,6000,8000,B_fr_est,1150.0,fallback_1150,kimi,outer,外圈,0,400.56,177.72,,1,0.0163
058,wav/内圈/9-18__内圈1__record_98_1789703220.wav,内圈,内圈1,9-18,morning,0.00000,3.49,833,1167,A_main_1150,1150.0,fixed_1150,glm,normal,正常,0,0.0494,0.0000,未见故障特征,,
058,wav/内圈/9-18__内圈1__record_98_1789703220.wav,内圈,内圈1,9-18,morning,0.00000,3.49,833,1167,A_main_1150,1150.0,fixed_1150,kimi,ball,滚珠,0,13656.51,9762.96,,0,0.0012
058,wav/内圈/9-18__内圈1__record_98_1789703220.wav,内圈,内圈1,9-18,morning,0.00000,3.49,833,1167,B_fr_est,1150.0,fallback_1150,glm,normal,正常,0,0.0494,0.0000,未见故障特征,,
058,wav/内圈/9-18__内圈1__record_98_1789703220.wav,内圈,内圈1,9-18,morning,0.00000,3.49,833,1167,B_fr_est,1150.0,fallback_1150,kimi,ball,滚珠,0,13656.51,9762.96,,0,0.0012
059,wav/内圈/9-18__内圈1__record_98_1789703246.wav,内圈,内圈1,9-18,morning,0.00000,9.41,1167,1500,A_main_1150,1150.0,fixed_1150,glm,normal,正常,0,0.0289,0.0000,未见故障特征,,
059,wav/内圈/9-18__内圈1__record_98_1789703246.wav,内圈,内圈1,9-18,morning,0.00000,9.41,1167,1500,A_main_1150,1150.0,fixed_1150,kimi,cage,其他,0,5794.57,4420.63,,0,0.0085
059,wav/内圈/9-18__内圈1__record_98_1789703246.wav,内圈,内圈1,9-18,morning,0.00000,9.41,1167,1500,B_fr_est,1150.0,fallback_1150,glm,normal,正常,0,0.0289,0.0000,未见故障特征,,
059,wav/内圈/9-18__内圈1__record_98_1789703246.wav,内圈,内圈1,9-18,morning,0.00000,9.41,1167,1500,B_fr_est,1150.0,fallback_1150,kimi,cage,其他,0,5794.57,4420.63,,0,0.0085
060,wav/内圈/9-18__内圈2__record_98_1789703282.wav,内圈,内圈2,9-18,morning,0.00000,6.10,1000,1500,A_main_1150,1150.0,fixed_1150,glm,BPFI,内圈,1,0.4226,0.1164,疑似（建议人工复核包络谱）,,
060,wav/内圈/9-18__内圈2__record_98_1789703282.wav,内圈,内圈2,9-18,morning,0.00000,6.10,1000,1500,A_main_1150,1150.0,fixed_1150,kimi,inner,内圈,1,10359.00,3934.18,,0,0.0187
060,wav/内圈/9-18__内圈2__record_98_1789703282.wav,内圈,内圈2,9-18,morning,0.00000,6.10,1000,1500,B_fr_est,1150.0,fallback_1150,glm,BPFI,内圈,1,0.4226,0.1164,疑似（建议人工复核包络谱）,,
060,wav/内圈/9-18__内圈2__record_98_1789703282.wav,内圈,内圈2,9-18,morning,0.00000,6.10,1000,1500,B_fr_est,1150.0,fallback_1150,kimi,inner,内圈,1,10359.00,3934.18,,0,0.0187
061,wav/内圈/9-18__内圈2__record_98_1789703292.wav,内圈,内圈2,9-18,morning,0.00000,5.87,1000,1500,A_main_1150,1150.0,fixed_1150,glm,BPFI,内圈,1,0.5571,0.0677,明确,,
061,wav/内圈/9-18__内圈2__record_98_1789703292.wav,内圈,内圈2,9-18,morning,0.00000,5.87,1000,1500,A_main_1150,1150.0,fixed_1150,kimi,inner,内圈,1,12641.41,3509.34,,0,0.0147
061,wav/内圈/9-18__内圈2__record_98_1789703292.wav,内圈,内圈2,9-18,morning,0.00000,5.87,1000,1500,B_fr_est,1150.0,fallback_1150,glm,BPFI,内圈,1,0.5571,0.0677,明确,,
061,wav/内圈/9-18__内圈2__record_98_1789703292.wav,内圈,内圈2,9-18,morning,0.00000,5.87,1000,1500,B_fr_est,1150.0,fallback_1150,kimi,inner,内圈,1,12641.41,3509.34,,0,0.0147
062,wav/内圈/9-18__内圈1__record_98_1789708993.wav,内圈,内圈1,9-18,afternoon,0.00000,3.13,5333,5667,A_main_1150,1150.0,fixed_1150,glm,normal,正常,0,0.0000,0.0000,未见故障特征,,
062,wav/内圈/9-18__内圈1__record_98_1789708993.wav,内圈,内圈1,9-18,afternoon,0.00000,3.13,5333,5667,A_main_1150,1150.0,fixed_1150,kimi,cage,其他,0,2057.73,1962.69,,1,0.0151
062,wav/内圈/9-18__内圈1__record_98_1789708993.wav,内圈,内圈1,9-18,afternoon,0.00000,3.13,5333,5667,B_fr_est,1136.0,fr_est,glm,normal,正常,0,0.0000,0.0000,未见故障特征,,
062,wav/内圈/9-18__内圈1__record_98_1789708993.wav,内圈,内圈1,9-18,afternoon,0.00000,3.13,5333,5667,B_fr_est,1136.0,fr_est,kimi,inner,内圈,1,1962.69,1935.30,,1,0.0113
063,wav/内圈/9-18__内圈1__record_98_1789709006.wav,内圈,内圈1,9-18,afternoon,0.00000,7.17,1000,1333,A_main_1150,1150.0,fixed_1150,glm,normal,正常,0,0.0000,0.0000,未见故障特征,,
063,wav/内圈/9-18__内圈1__record_98_1789709006.wav,内圈,内圈1,9-18,afternoon,0.00000,7.17,1000,1333,A_main_1150,1150.0,fixed_1150,kimi,ball,滚珠,0,8484.29,7610.55,,0,0.0094
063,wav/内圈/9-18__内圈1__record_98_1789709006.wav,内圈,内圈1,9-18,afternoon,0.00000,7.17,1000,1333,B_fr_est,1136.0,fr_est,glm,normal,正常,0,0.0000,0.0000,未见故障特征,,
063,wav/内圈/9-18__内圈1__record_98_1789709006.wav,内圈,内圈1,9-18,afternoon,0.00000,7.17,1000,1333,B_fr_est,1136.0,fr_est,kimi,ball,滚珠,0,8484.29,7175.95,,0,0.0028
064,wav/内圈/9-18__内圈2__record_98_1789709066.wav,内圈,内圈2,9-18,afternoon,0.00000,8.57,6833,7167,A_main_1150,1150.0,fixed_1150,glm,normal,正常,0,0.0000,0.0000,未见故障特征,,
064,wav/内圈/9-18__内圈2__record_98_1789709066.wav,内圈,内圈2,9-18,afternoon,0.00000,8.57,6833,7167,A_main_1150,1150.0,fixed_1150,kimi,cage,其他,0,1596.90,986.42,,1,0.0083
064,wav/内圈/9-18__内圈2__record_98_1789709066.wav,内圈,内圈2,9-18,afternoon,0.00000,8.57,6833,7167,B_fr_est,1106.0,fr_est,glm,normal,正常,0,0.0000,0.0000,未见故障特征,,
064,wav/内圈/9-18__内圈2__record_98_1789709066.wav,内圈,内圈2,9-18,afternoon,0.00000,8.57,6833,7167,B_fr_est,1106.0,fr_est,kimi,cage,其他,0,1185.55,1037.96,,1,0.0181
065,wav/内圈/9-18__内圈2__record_98_1789709076.wav,内圈,内圈2,9-18,afternoon,0.00000,4.89,1667,2333,A_main_1150,1150.0,fixed_1150,glm,normal,正常,0,0.0501,0.0410,未见故障特征,,
065,wav/内圈/9-18__内圈2__record_98_1789709076.wav,内圈,内圈2,9-18,afternoon,0.00000,4.89,1667,2333,A_main_1150,1150.0,fixed_1150,kimi,inner,内圈,1,2342.78,2175.16,,0,0.0049
065,wav/内圈/9-18__内圈2__record_98_1789709076.wav,内圈,内圈2,9-18,afternoon,0.00000,4.89,1667,2333,B_fr_est,1106.0,fr_est,glm,normal,正常,0,0.0626,0.0407,未见故障特征,,
065,wav/内圈/9-18__内圈2__record_98_1789709076.wav,内圈,内圈2,9-18,afternoon,0.00000,4.89,1667,2333,B_fr_est,1106.0,fr_est,kimi,inner,内圈,1,1670.60,1591.54,,0,0.0040
066,wav/内圈/9-18__内圈3__record_98_1789709109.wav,内圈,内圈3,9-18,afternoon,0.00000,8.22,833,1167,A_main_1150,1150.0,fixed_1150,glm,normal,正常,0,0.0666,0.0406,未见故障特征,,
066,wav/内圈/9-18__内圈3__record_98_1789709109.wav,内圈,内圈3,9-18,afternoon,0.00000,8.22,833,1167,A_main_1150,1150.0,fixed_1150,kimi,outer,外圈,0,17977.99,11388.43,,0,0.0118
066,wav/内圈/9-18__内圈3__record_98_1789709109.wav,内圈,内圈3,9-18,afternoon,0.00000,8.22,833,1167,B_fr_est,1176.8,fr_est,glm,normal,正常,0,0.0421,0.0000,未见故障特征,,
066,wav/内圈/9-18__内圈3__record_98_1789709109.wav,内圈,内圈3,9-18,afternoon,0.00000,8.22,833,1167,B_fr_est,1176.8,fr_est,kimi,ball,滚珠,0,12901.73,12838.23,,0,0.0046
067,wav/内圈/9-18__内圈3__record_98_1789709120.wav,内圈,内圈3,9-18,afternoon,0.00000,12.81,833,1167,A_main_1150,1150.0,fixed_1150,glm,normal,正常,0,0.0720,0.0000,未见故障特征,,
067,wav/内圈/9-18__内圈3__record_98_1789709120.wav,内圈,内圈3,9-18,afternoon,0.00000,12.81,833,1167,A_main_1150,1150.0,fixed_1150,kimi,outer,外圈,0,17112.97,9715.94,,0,0.0152
067,wav/内圈/9-18__内圈3__record_98_1789709120.wav,内圈,内圈3,9-18,afternoon,0.00000,12.81,833,1167,B_fr_est,1176.8,fr_est,glm,normal,正常,0,0.0280,0.0000,未见故障特征,,
067,wav/内圈/9-18__内圈3__record_98_1789709120.wav,内圈,内圈3,9-18,afternoon,0.00000,12.81,833,1167,B_fr_est,1176.8,fr_est,kimi,outer,外圈,0,12544.44,8126.01,,0,0.0047
068,wav/内圈/9-18__内圈4__record_98_1789709183.wav,内圈,内圈4,9-18,afternoon,0.00000,8.01,1000,1333,A_main_1150,1150.0,fixed_1150,glm,normal,正常,0,0.0552,0.0331,未见故障特征,,
068,wav/内圈/9-18__内圈4__record_98_1789709183.wav,内圈,内圈4,9-18,afternoon,0.00000,8.01,1000,1333,A_main_1150,1150.0,fixed_1150,kimi,ball,滚珠,0,8042.58,6697.23,,0,0.0078
068,wav/内圈/9-18__内圈4__record_98_1789709183.wav,内圈,内圈4,9-18,afternoon,0.00000,8.01,1000,1333,B_fr_est,1199.6,fr_est,glm,BSF,滚珠,0,0.2148,0.1642,疑似（建议人工复核包络谱）,,
068,wav/内圈/9-18__内圈4__record_98_1789709183.wav,内圈,内圈4,9-18,afternoon,0.00000,8.01,1000,1333,B_fr_est,1199.6,fr_est,kimi,ball,滚珠,0,28178.58,13492.49,,0,0.0049
069,wav/内圈/9-18__内圈4__record_98_1789709194.wav,内圈,内圈4,9-18,afternoon,0.00000,10.54,1000,1333,A_main_1150,1150.0,fixed_1150,glm,normal,正常,0,0.0751,0.0355,未见故障特征,,
069,wav/内圈/9-18__内圈4__record_98_1789709194.wav,内圈,内圈4,9-18,afternoon,0.00000,10.54,1000,1333,A_main_1150,1150.0,fixed_1150,kimi,outer,外圈,0,8134.04,6354.21,,0,0.0050
069,wav/内圈/9-18__内圈4__record_98_1789709194.wav,内圈,内圈4,9-18,afternoon,0.00000,10.54,1000,1333,B_fr_est,1199.6,fr_est,glm,BSF,滚珠,0,0.2376,0.1751,疑似（建议人工复核包络谱）,,
069,wav/内圈/9-18__内圈4__record_98_1789709194.wav,内圈,内圈4,9-18,afternoon,0.00000,10.54,1000,1333,B_fr_est,1199.6,fr_est,kimi,ball,滚珠,0,25525.46,15678.36,,0,0.0049
070,wav/内圈/9-18__内圈5__record_98_1789709220.wav,内圈,内圈5,9-18,afternoon,0.00000,7.59,1000,1333,A_main_1150,1150.0,fixed_1150,glm,normal,正常,0,0.0708,0.0480,未见故障特征,,
070,wav/内圈/9-18__内圈5__record_98_1789709220.wav,内圈,内圈5,9-18,afternoon,0.00000,7.59,1000,1333,A_main_1150,1150.0,fixed_1150,kimi,outer,外圈,0,8604.87,7913.01,,0,0.0083
070,wav/内圈/9-18__内圈5__record_98_1789709220.wav,内圈,内圈5,9-18,afternoon,0.00000,7.59,1000,1333,B_fr_est,1160.0,fr_est,glm,normal,正常,0,0.0721,0.0000,未见故障特征,,
070,wav/内圈/9-18__内圈5__record_98_1789709220.wav,内圈,内圈5,9-18,afternoon,0.00000,7.59,1000,1333,B_fr_est,1160.0,fr_est,kimi,outer,外圈,0,8604.87,4757.28,,0,0.0003
071,wav/内圈/9-18__内圈5__record_98_1789709242.wav,内圈,内圈5,9-18,afternoon,0.00000,7.25,1000,1333,A_main_1150,1150.0,fixed_1150,glm,normal,正常,0,0.0000,0.0000,未见故障特征,,
071,wav/内圈/9-18__内圈5__record_98_1789709242.wav,内圈,内圈5,9-18,afternoon,0.00000,7.25,1000,1333,A_main_1150,1150.0,fixed_1150,kimi,outer,外圈,0,8718.23,6974.82,,0,0.0016
071,wav/内圈/9-18__内圈5__record_98_1789709242.wav,内圈,内圈5,9-18,afternoon,0.00000,7.25,1000,1333,B_fr_est,1160.0,fr_est,glm,normal,正常,0,0.0000,0.0000,未见故障特征,,
071,wav/内圈/9-18__内圈5__record_98_1789709242.wav,内圈,内圈5,9-18,afternoon,0.00000,7.25,1000,1333,B_fr_est,1160.0,fr_est,kimi,outer,外圈,0,8718.23,6800.44,,0,0.0070
072,wav/内圈/9-18__内圈6__record_98_1789709317.wav,内圈,内圈6,9-18,afternoon,0.00000,9.63,5667,6000,A_main_1150,1150.0,fixed_1150,glm,normal,正常,0,0.0000,0.0000,未见故障特征,,
072,wav/内圈/9-18__内圈6__record_98_1789709317.wav,内圈,内圈6,9-18,afternoon,0.00000,9.63,5667,6000,A_main_1150,1150.0,fixed_1150,kimi,cage,其他,0,3347.47,2522.30,,1,0.0085
072,wav/内圈/9-18__内圈6__record_98_1789709317.wav,内圈,内圈6,9-18,afternoon,0.00000,9.63,5667,6000,B_fr_est,1110.8,fr_est,glm,normal,正常,0,0.0000,0.0000,未见故障特征,,
072,wav/内圈/9-18__内圈6__record_98_1789709317.wav,内圈,内圈6,9-18,afternoon,0.00000,9.63,5667,6000,B_fr_est,1110.8,fr_est,kimi,outer,外圈,0,2448.27,2365.97,,1,0.0196
073,wav/内圈/9-18__内圈6__record_98_1789709332.wav,内圈,内圈6,9-18,afternoon,0.00000,5.33,5167,5500,A_main_1150,1150.0,fixed_1150,glm,normal,正常,0,0.0000,0.0000,未见故障特征,,
073,wav/内圈/9-18__内圈6__record_98_1789709332.wav,内圈,内圈6,9-18,afternoon,0.00000,5.33,5167,5500,A_main_1150,1150.0,fixed_1150,kimi,ball,滚珠,0,4201.58,3950.31,,1,0.0077
073,wav/内圈/9-18__内圈6__record_98_1789709332.wav,内圈,内圈6,9-18,afternoon,0.00000,5.33,5167,5500,B_fr_est,1110.8,fr_est,glm,normal,正常,0,0.0000,0.0000,未见故障特征,,
073,wav/内圈/9-18__内圈6__record_98_1789709332.wav,内圈,内圈6,9-18,afternoon,0.00000,5.33,5167,5500,B_fr_est,1110.8,fr_est,kimi,cage,其他,0,5671.93,3608.30,,1,0.0058
074,wav/内圈/9-18__内圈7__record_98_1789709413.wav,内圈,内圈7,9-18,afternoon,0.00000,3.10,3667,4000,A_main_1150,1150.0,fixed_1150,glm,normal,正常,0,0.0000,0.0000,未见故障特征,,
074,wav/内圈/9-18__内圈7__record_98_1789709413.wav,内圈,内圈7,9-18,afternoon,0.00000,3.10,3667,4000,A_main_1150,1150.0,fixed_1150,kimi,outer,外圈,0,4994.20,3816.70,,1,0.0083
074,wav/内圈/9-18__内圈7__record_98_1789709413.wav,内圈,内圈7,9-18,afternoon,0.00000,3.10,3667,4000,B_fr_est,1144.4,fr_est,glm,normal,正常,0,0.0000,0.0000,未见故障特征,,
074,wav/内圈/9-18__内圈7__record_98_1789709413.wav,内圈,内圈7,9-18,afternoon,0.00000,3.10,3667,4000,B_fr_est,1144.4,fr_est,kimi,outer,外圈,0,4997.26,4015.18,,1,0.0133
075,wav/内圈/9-18__内圈7__record_98_1789709421.wav,内圈,内圈7,9-18,afternoon,0.00000,4.47,5500,5833,A_main_1150,1150.0,fixed_1150,glm,normal,正常,0,0.0000,0.0000,未见故障特征,,
075,wav/内圈/9-18__内圈7__record_98_1789709421.wav,内圈,内圈7,9-18,afternoon,0.00000,4.47,5500,5833,A_main_1150,1150.0,fixed_1150,kimi,inner,内圈,1,1861.30,1852.39,,1,0.0108
075,wav/内圈/9-18__内圈7__record_98_1789709421.wav,内圈,内圈7,9-18,afternoon,0.00000,4.47,5500,5833,B_fr_est,1144.4,fr_est,glm,normal,正常,0,0.0000,0.0000,未见故障特征,,
075,wav/内圈/9-18__内圈7__record_98_1789709421.wav,内圈,内圈7,9-18,afternoon,0.00000,4.47,5500,5833,B_fr_est,1144.4,fr_est,kimi,inner,内圈,1,1861.30,1810.33,,1,0.0158
076,wav/内圈/9-18__内圈8__record_98_1789709478.wav,内圈,内圈8,9-18,afternoon,0.00000,6.30,2000,2333,A_main_1150,1150.0,fixed_1150,glm,normal,正常,0,0.0640,0.0000,未见故障特征,,
076,wav/内圈/9-18__内圈8__record_98_1789709478.wav,内圈,内圈8,9-18,afternoon,0.00000,6.30,2000,2333,A_main_1150,1150.0,fixed_1150,kimi,outer,外圈,0,17407.32,8514.48,,0,0.0054
076,wav/内圈/9-18__内圈8__record_98_1789709478.wav,内圈,内圈8,9-18,afternoon,0.00000,6.30,2000,2333,B_fr_est,1174.4,fr_est,glm,normal,正常,0,0.0391,0.0000,未见故障特征,,
076,wav/内圈/9-18__内圈8__record_98_1789709478.wav,内圈,内圈8,9-18,afternoon,0.00000,6.30,2000,2333,B_fr_est,1174.4,fr_est,kimi,outer,外圈,0,13873.85,11442.23,,0,0.0193
077,wav/内圈/9-18__内圈8__record_98_1789709489.wav,内圈,内圈8,9-18,afternoon,0.00000,6.94,2000,2333,A_main_1150,1150.0,fixed_1150,glm,normal,正常,0,0.0802,0.0462,未见故障特征,,
077,wav/内圈/9-18__内圈8__record_98_1789709489.wav,内圈,内圈8,9-18,afternoon,0.00000,6.94,2000,2333,A_main_1150,1150.0,fixed_1150,kimi,outer,外圈,0,14757.65,9071.35,,0,0.0122
077,wav/内圈/9-18__内圈8__record_98_1789709489.wav,内圈,内圈8,9-18,afternoon,0.00000,6.94,2000,2333,B_fr_est,1174.4,fr_est,glm,normal,正常,0,0.0489,0.0000,未见故障特征,,
077,wav/内圈/9-18__内圈8__record_98_1789709489.wav,内圈,内圈8,9-18,afternoon,0.00000,6.94,2000,2333,B_fr_est,1174.4,fr_est,kimi,ball,滚珠,0,7521.40,7291.63,,0,0.0004
078,wav/内圈/9-18__内圈9__record_98_1789709524.wav,内圈,内圈9,9-18,afternoon,0.00000,6.14,833,1167,A_main_1150,1150.0,fixed_1150,glm,normal,正常,0,0.0000,0.0000,未见故障特征,,
078,wav/内圈/9-18__内圈9__record_98_1789709524.wav,内圈,内圈9,9-18,afternoon,0.00000,6.14,833,1167,A_main_1150,1150.0,fixed_1150,kimi,outer,外圈,0,7874.87,7769.36,,0,0.0088
078,wav/内圈/9-18__内圈9__record_98_1789709524.wav,内圈,内圈9,9-18,afternoon,0.00000,6.14,833,1167,B_fr_est,1168.4,fr_est,glm,normal,正常,0,0.0000,0.0000,未见故障特征,,
078,wav/内圈/9-18__内圈9__record_98_1789709524.wav,内圈,内圈9,9-18,afternoon,0.00000,6.14,833,1167,B_fr_est,1168.4,fr_est,kimi,ball,滚珠,0,8552.88,7387.39,,0,0.0102
079,wav/内圈/9-18__内圈9__record_98_1789709548.wav,内圈,内圈9,9-18,afternoon,0.00000,4.85,667,1333,A_main_1150,1150.0,fixed_1150,glm,normal,正常,0,0.1067,0.0000,未见故障特征,,
079,wav/内圈/9-18__内圈9__record_98_1789709548.wav,内圈,内圈9,9-18,afternoon,0.00000,4.85,667,1333,A_main_1150,1150.0,fixed_1150,kimi,outer,外圈,0,2861.34,1584.51,,0,0.0122
079,wav/内圈/9-18__内圈9__record_98_1789709548.wav,内圈,内圈9,9-18,afternoon,0.00000,4.85,667,1333,B_fr_est,1168.4,fr_est,glm,normal,正常,0,0.0316,0.0310,未见故障特征,,
079,wav/内圈/9-18__内圈9__record_98_1789709548.wav,内圈,内圈9,9-18,afternoon,0.00000,4.85,667,1333,B_fr_est,1168.4,fr_est,kimi,outer,外圈,0,1365.15,1164.75,,0,0.0008
080,wav/内圈/9-18__内圈10__record_98_1789709581.wav,内圈,内圈10,9-18,afternoon,0.00000,14.59,1000,1333,A_main_1150,1150.0,fixed_1150,glm,normal,正常,0,0.0287,0.0000,未见故障特征,,
080,wav/内圈/9-18__内圈10__record_98_1789709581.wav,内圈,内圈10,9-18,afternoon,0.00000,14.59,1000,1333,A_main_1150,1150.0,fixed_1150,kimi,ball,滚珠,0,7991.56,4461.22,,0,0.0136
080,wav/内圈/9-18__内圈10__record_98_1789709581.wav,内圈,内圈10,9-18,afternoon,0.00000,14.59,1000,1333,B_fr_est,1194.8,fr_est,glm,BSF,滚珠,0,0.3224,0.1018,疑似（建议人工复核包络谱）,,
080,wav/内圈/9-18__内圈10__record_98_1789709581.wav,内圈,内圈10,9-18,afternoon,0.00000,14.59,1000,1333,B_fr_est,1194.8,fr_est,kimi,ball,滚珠,0,33892.56,10824.58,,0,0.0006
081,wav/内圈/9-18__内圈10__record_98_1789709591.wav,内圈,内圈10,9-18,afternoon,0.00000,15.43,1000,1333,A_main_1150,1150.0,fixed_1150,glm,normal,正常,0,0.0226,0.0000,未见故障特征,,
081,wav/内圈/9-18__内圈10__record_98_1789709591.wav,内圈,内圈10,9-18,afternoon,0.00000,15.43,1000,1333,A_main_1150,1150.0,fixed_1150,kimi,ball,滚珠,0,11402.55,9697.09,,0,0.0057
081,wav/内圈/9-18__内圈10__record_98_1789709591.wav,内圈,内圈10,9-18,afternoon,0.00000,15.43,1000,1333,B_fr_est,1194.8,fr_est,glm,BSF,滚珠,0,0.2316,0.0000,疑似（建议人工复核包络谱）,,
081,wav/内圈/9-18__内圈10__record_98_1789709591.wav,内圈,内圈10,9-18,afternoon,0.00000,15.43,1000,1333,B_fr_est,1194.8,fr_est,kimi,ball,滚珠,0,39172.84,14625.98,,0,0.0030
