file_id,relpath,label,batch,fr_est_hz,verdict,verdict_cn,hit,conf_outer,conf_inner,conf_ball,argmax_class,comb_freqs,comb_confirmed,cepstrum_confirmed,suspected_interference,n_clean_combs,n_localized,bearing_unlocalized,rpm_est,rpm_fallback,band_low,band_high,elapsed_s,note,comb_detail
001,wav/外圈/9-16__外圈1__record_98_1789455815.wav,外圈,9-16,19.653,normal,正常,0,0.0,0.0,0.0,外圈,,1,0,0,0,0,0,1150.0,1,4666.666666666666,5999.999999999999,0.6044,clip=0.0080,[]
002,wav/外圈/9-16__外圈1__record_98_1789455843.wav,外圈,9-16,19.653,normal,正常,0,0.0,0.0,0.0,外圈,,0,0,0,0,0,0,1150.0,1,6000.0,7984.0,0.5858,clip=0.0054,[]
003,wav/外圈/9-16__外圈2__record_98_1789455909.wav,外圈,9-16,19.433,normal,正常,0,0.0,0.0,0.0,外圈,,1,0,0,0,0,0,1179.975417178809,0,7185.6,7984.0,0.566,clip=0.0671,[]
004,wav/外圈/9-16__外圈2__record_98_1789455921.wav,外圈,9-16,19.433,normal,正常,0,0.0,0.0,0.0,外圈,,1,0,0,0,0,0,1150.0,1,7185.6,7984.0,0.5823,clip=0.0727,[]
005,wav/外圈/9-16__外圈3__record_98_1789455947.wav,外圈,9-16,18.533,normal,正常,0,0.0,0.0,0.0,外圈,96.00!,1,1,1,0,0,0,1150.0,1,1500.0,2000.0,0.5774,clip=0.1342,"[{""f0"": 95.998, ""score"": 0.5101, ""hits"": 4, ""cep_hits"": 1, ""interference"": true, ""guard"": ""轴频谐波5×19.167Hz"", ""cls"": null}]"
006,wav/外圈/9-16__外圈3__record_98_1789455959.wav,外圈,9-16,18.533,normal,正常,0,0.0,0.0,0.0,外圈,,1,0,0,0,0,0,1150.0,1,1500.0,2000.0,0.5841,clip=0.1365,[]
007,wav/外圈/9-16__外圈4__record_98_1789455993.wav,外圈,9-16,19.273,BPFI,内圈,0,0.1746490438447757,0.6848099395918105,0.11506246820893883,内圈,52.17,3,1,0,1,1,0,1159.9758338367951,0,7000.0,7984.0,0.5845,clip=0.0783,"[{""f0"": 52.166, ""score"": 0.1568, ""hits"": 3, ""cep_hits"": 1, ""interference"": false, ""guard"": """", ""cls"": ""outer""}]"
008,wav/外圈/9-16__外圈4__record_98_1789456004.wav,外圈,9-16,19.273,normal,正常,0,0.0,0.0,0.0,外圈,,2,0,0,0,0,0,1139.9762504947814,0,7000.0,7984.0,0.5579,clip=0.0787,[]
009,wav/外圈/9-16__外圈5__record_98_1789456036.wav,外圈,9-16,18.833,BPFI,内圈,0,0.097749090659504,0.8887268433567226,0.1547861401081649,内圈,38.98;90.85,4,2,0,2,1,0,1150.0,1,5333.333333333333,6666.666666666666,0.5512,clip=0.0286,"[{""f0"": 38.982, ""score"": 0.2691, ""hits"": 3, ""cep_hits"": 1, ""interference"": false, ""guard"": """", ""cls"": null}, {""f0"": 90.846, ""score"": 0.898, ""hits"": 5, ""cep_hits"": 2, ""interference"": false, ""guard"": """", ""cls"": ""inner""}]"
010,wav/外圈/9-16__外圈5__record_98_1789456046.wav,外圈,9-16,18.833,BPFI,内圈,0,0.20849205489066389,0.8948712251973957,0.14296819126170882,内圈,38.64!;25.93;90.51,3,3,1,2,1,0,1150.0,1,5333.333333333333,6666.666666666666,0.581,clip=0.0287,"[{""f0"": 38.643, ""score"": 0.2767, ""hits"": 3, ""cep_hits"": 1, ""interference"": true, ""guard"": ""轴频谐波2×19.167Hz"", ""cls"": null}, {""f0"": 25.932, ""score"": 0.179, ""hits"": 4, ""cep_hits"": 1, ""interference"": false, ""guard"": """", ""cls"": null}, {""f0"": 90.507, ""score"": 0.8993, ""hits"": 5, ""cep_hits"": 1, ""interference"": false, ""guard"": """", ""cls"": ""inner""}]"
011,wav/外圈/9-16__外圈6__record_98_1789456087.wav,外圈,9-16,19.773,BPFI,内圈,0,0.22431173775496577,0.2697212387417973,0.20793014630760911,内圈,34.00,3,1,0,1,1,0,1199.9750005208225,0,7000.0,7984.0,0.5905,clip=0.0091,"[{""f0"": 33.999, ""score"": 0.1787, ""hits"": 2, ""cep_hits"": 2, ""interference"": false, ""guard"": """", ""cls"": ""ball""}]"
012,wav/外圈/9-16__外圈6__record_98_1789456099.wav,外圈,9-16,19.773,BPFI,内圈,0,0.15363256202380923,0.42247803588016214,0.20495070192890688,内圈,39.67;74.67;87.33,7,3,0,3,1,0,1179.975417178809,0,7000.0,7984.0,0.5687,clip=0.0081,"[{""f0"": 39.666, ""score"": 0.203, ""hits"": 3, ""cep_hits"": 1, ""interference"": false, ""guard"": """", ""cls"": null}, {""f0"": 74.665, ""score"": 0.171, ""hits"": 2, ""cep_hits"": 1, ""interference"": false, ""guard"": """", ""cls"": null}, {""f0"": 87.332, ""score"": 0.4225, ""hits"": 4, ""cep_hits"": 1, ""interference"": false, ""guard"": """", ""cls"": ""inner""}]"
013,wav/外圈/9-16__外圈7__record_98_1789456162.wav,外圈,9-16,19.373,BPFO,外圈,1,0.37493838400799817,0.1660669838225735,0.2010808570182568,外圈,20.33;49.00,4,2,0,2,1,0,1219.9745838628362,0,6666.666666666667,7984.0,0.5748,clip=0.0217,"[{""f0"": 20.333, ""score"": 0.5509, ""hits"": 2, ""cep_hits"": 1, ""interference"": false, ""guard"": """", ""cls"": null}, {""f0"": 48.999, ""score"": 0.3215, ""hits"": 2, ""cep_hits"": 1, ""interference"": false, ""guard"": """", ""cls"": ""outer""}]"
014,wav/外圈/9-16__外圈7__record_98_1789456174.wav,外圈,9-16,19.373,bearing_unlocalized,未定位,0,0.0,0.0,0.0,外圈,20.68,4,1,0,1,0,1,1150.0,1,6666.666666666667,7984.0,0.5894,clip=0.0236,"[{""f0"": 20.678, ""score"": 0.515, ""hits"": 2, ""cep_hits"": 2, ""interference"": false, ""guard"": """", ""cls"": null}]"
015,wav/外圈/9-16__外圈8__record_98_1789456205.wav,外圈,9-16,19.993,normal,正常,0,0.0,0.0,0.0,外圈,,1,0,0,0,0,0,1199.9750005208225,0,7050.000000000004,7833.333333333338,0.5849,clip=0.1192,[]
016,wav/外圈/9-16__外圈8__record_98_1789456215.wav,外圈,9-16,19.993,normal,正常,0,0.0,0.0,0.0,外圈,,2,0,0,0,0,0,1199.9750005208225,0,6599.999999999999,7333.333333333332,0.5771,clip=0.1192,[]
017,wav/外圈/9-16__外圈9__record_98_1789456252.wav,外圈,9-16,19.213,BPFI,内圈,0,0.4317452232822588,0.6266921295397522,0.20335472029846322,内圈,87.00,5,1,0,1,1,0,1179.975417178809,0,6000.0,7984.0,0.6009,clip=0.0154,"[{""f0"": 86.998, ""score"": 0.6267, ""hits"": 5, ""cep_hits"": 1, ""interference"": false, ""guard"": """", ""cls"": ""inner""}]"
018,wav/外圈/9-16__外圈9__record_98_1789456261.wav,外圈,9-16,19.213,bearing_unlocalized,未定位,0,0.0,0.0,0.0,外圈,24.75,5,1,0,1,0,1,1179.6360246604945,0,7000.0,7984.0,0.5614,clip=0.0122,"[{""f0"": 24.745, ""score"": 0.3294, ""hits"": 4, ""cep_hits"": 2, ""interference"": false, ""guard"": """", ""cls"": null}]"
019,wav/外圈/9-16__外圈10__record_98_1789456290.wav,外圈,9-16,18.713,BPFI,内圈,0,0.34902843639448666,0.45674879021773573,0.07445594629728718,内圈,84.66,3,1,0,1,1,0,1150.0,1,6300.0,7000.0,0.5366,clip=0.0675,"[{""f0"": 84.665, ""score"": 0.4567, ""hits"": 3, ""cep_hits"": 1, ""interference"": false, ""guard"": """", ""cls"": ""inner""}]"
020,wav/外圈/9-16__外圈10__record_98_1789456302.wav,外圈,9-16,18.713,BPFI,内圈,0,0.6161387680673487,0.7700795368254579,0.10313908626402149,内圈,83.00,4,1,0,1,1,0,1150.0,1,6300.0,7000.0,0.5395,clip=0.0609,"[{""f0"": 82.998, ""score"": 0.7476, ""hits"": 4, ""cep_hits"": 1, ""interference"": false, ""guard"": """", ""cls"": ""inner""}]"
021,wav/正常/9-16__OK1__record_98_1789456446.wav,正常,9-16,19.953,normal,正常,1,0.0,0.0,0.0,外圈,,0,0,0,0,0,0,1150.0,1,5400.000000000001,6000.000000000001,0.5217,clip=0.0000,[]
022,wav/正常/9-16__OK2__record_98_1789456481.wav,正常,9-16,19.293,normal,正常,1,0.0,0.0,0.0,外圈,,0,0,0,0,0,0,1150.0,1,7185.6,7984.0,0.5261,clip=0.0000,[]
023,wav/正常/9-16__OK3__record_98_1789456518.wav,正常,9-16,18.533,normal,正常,1,0.0,0.0,0.0,外圈,,0,0,0,0,0,0,1150.0,1,4950.0,5500.0,0.5436,clip=0.0000,[]
024,wav/正常/9-16__OK4__record_98_1789456550.wav,正常,9-16,19.193,normal,正常,1,0.0,0.0,0.0,外圈,,0,0,0,0,0,0,1150.0,1,7185.6,7984.0,0.5497,clip=0.0000,[]
025,wav/正常/9-16__OK5__record_98_1789456581.wav,正常,9-16,19.793,normal,正常,1,0.0,0.0,0.0,外圈,,0,0,0,0,0,0,1150.0,1,5850.000000000002,6500.000000000002,0.5374,clip=0.0000,[]
026,wav/正常/9-16__OK6__record_98_1789456613.wav,正常,9-16,19.993,normal,正常,1,0.0,0.0,0.0,外圈,,0,0,0,0,0,0,1199.9750005208225,0,999.9999999999999,1333.3333333333333,0.5521,clip=0.0000,[]
027,wav/正常/9-16__OK7__record_98_1789456640.wav,正常,9-16,19.633,normal,正常,1,0.0,0.0,0.0,外圈,,0,0,0,0,0,0,1150.0,1,2500.0,2833.3333333333335,0.5524,clip=0.0000,[]
028,wav/正常/9-16__OK8__record_98_1789456668.wav,正常,9-16,18.493,normal,正常,1,0.0,0.0,0.0,外圈,,0,0,0,0,0,0,1079.9775004687403,0,4950.0,5500.0,0.5647,clip=0.0000,[]
029,wav/正常/9-16__OK9__record_98_1789456696.wav,正常,9-16,19.373,normal,正常,1,0.0,0.0,0.0,外圈,,0,0,0,0,0,0,1150.0,1,3899.999999999999,4333.333333333332,0.5592,clip=0.0000,[]
030,wav/正常/9-16__OK10__record_98_1789456722.wav,正常,9-16,18.433,normal,正常,1,0.0,0.0,0.0,外圈,,0,0,0,0,0,0,1150.0,1,833.3333333333333,1166.6666666666665,0.5604,clip=0.0000,[]
031,wav/滚珠/9-17__滚珠不良1__record_98_1789612361.wav,滚珠,9-17,18.973,normal,正常,0,0.0,0.0,0.0,外圈,,0,0,0,0,0,0,1150.0,1,5700.000000000002,6333.333333333335,0.5516,clip=0.0000,[]
032,wav/滚珠/9-17__滚珠不良1__record_98_1789612445.wav,滚珠,9-17,18.973,bearing_unlocalized,未定位,0,0.0,0.0,0.0,外圈,21.02,1,1,0,1,0,1,1150.0,1,833.3333333333333,1166.6666666666665,0.5435,clip=0.0000,"[{""f0"": 21.017, ""score"": 0.2532, ""hits"": 2, ""cep_hits"": 1, ""interference"": false, ""guard"": """", ""cls"": null}]"
033,wav/滚珠/9-17__滚珠不良2__record_98_1789612552.wav,滚珠,9-17,19.353,normal,正常,0,0.0,0.0,0.0,外圈,,0,0,0,0,0,0,1150.0,1,7185.6,7984.0,0.5434,clip=0.0000,[]
034,wav/滚珠/9-17__滚珠不良2__record_98_1789612600.wav,滚珠,9-17,19.353,normal,正常,0,0.0,0.0,0.0,外圈,,0,0,0,0,0,0,1150.0,1,1000.0,1500.0,0.5515,clip=0.0000,[]
035,wav/滚珠/9-17__滚珠不良3__record_98_1789612678.wav,滚珠,9-17,18.793,normal,正常,0,0.0,0.0,0.0,外圈,,0,0,0,0,0,0,1118.6203682125379,0,833.3333333333333,1166.6666666666665,0.5481,clip=0.0000,[]
036,wav/滚珠/9-17__滚珠不良3__record_98_1789612685.wav,滚珠,9-17,18.793,normal,正常,0,0.0,0.0,0.0,外圈,,0,0,0,0,0,0,1118.6203682125379,0,833.3333333333333,1166.6666666666665,0.5535,clip=0.0000,[]
037,wav/滚珠/9-17__滚珠不良4__record_98_1789612774.wav,滚珠,9-17,19.633,bearing_unlocalized,未定位,0,0.0,0.0,0.0,外圈,58.33;19.50!,2,2,1,1,0,1,1150.0,1,666.6666666666666,1333.3333333333333,0.5663,clip=0.0000,"[{""f0"": 58.332, ""score"": 0.3711, ""hits"": 4, ""cep_hits"": 1, ""interference"": false, ""guard"": """", ""cls"": null}, {""f0"": 19.5, ""score"": 0.3186, ""hits"": 4, ""cep_hits"": 2, ""interference"": true, ""guard"": ""低频梳(f0<20Hz,疑轴频族)"", ""cls"": null}]"
038,wav/滚珠/9-17__滚珠不良4__record_98_1789612779.wav,滚珠,9-17,19.633,bearing_unlocalized,未定位,0,0.0,0.0,0.0,外圈,58.67,2,1,0,1,0,1,1150.0,1,666.6666666666666,1333.3333333333333,0.5518,clip=0.0000,"[{""f0"": 58.665, ""score"": 0.3507, ""hits"": 4, ""cep_hits"": 1, ""interference"": false, ""guard"": """", ""cls"": null}]"
039,wav/滚珠/9-17__滚珠不良5__record_98_1789612850.wav,滚珠,9-17,18.553,normal,正常,0,0.0,0.0,0.0,外圈,18.50!,1,1,1,0,0,0,1150.0,1,666.6666666666666,1333.3333333333333,0.5532,clip=0.0000,"[{""f0"": 18.5, ""score"": 0.5068, ""hits"": 5, ""cep_hits"": 3, ""interference"": true, ""guard"": ""低频梳(f0<20Hz,疑轴频族)"", ""cls"": null}]"
040,wav/滚珠/9-17__滚珠不良5__record_98_1789612864.wav,滚珠,9-17,18.553,normal,正常,0,0.0,0.0,0.0,外圈,18.50!,1,1,1,0,0,0,1150.0,1,833.3333333333333,1166.6666666666665,0.5737,clip=0.0000,"[{""f0"": 18.5, ""score"": 0.3141, ""hits"": 4, ""cep_hits"": 2, ""interference"": true, ""guard"": ""低频梳(f0<20Hz,疑轴频族)"", ""cls"": null}]"
041,wav/滚珠/9-17__滚珠不良6__record_98_1789612926.wav,滚珠,9-17,19.093,bearing_unlocalized,未定位,0,0.0,0.0,0.0,外圈,21.00,1,1,0,1,0,1,1150.0,1,666.6666666666666,1333.3333333333333,0.6188,clip=0.0000,"[{""f0"": 21.0, ""score"": 0.6756, ""hits"": 5, ""cep_hits"": 2, ""interference"": false, ""guard"": """", ""cls"": null}]"
042,wav/滚珠/9-17__滚珠不良6__record_98_1789612940.wav,滚珠,9-17,19.093,bearing_unlocalized,未定位,0,0.0,0.0,0.0,外圈,21.33,2,1,0,1,0,1,1150.0,1,666.6666666666666,1333.3333333333333,0.562,clip=0.0000,"[{""f0"": 21.333, ""score"": 0.5714, ""hits"": 5, ""cep_hits"": 3, ""interference"": false, ""guard"": """", ""cls"": null}]"
043,wav/滚珠/9-17__滚珠不良7__record_98_1789612988.wav,滚珠,9-17,18.333,BSF,滚珠,1,0.0,0.0,0.2771869925504841,滚珠,21.33;32.67,3,2,0,2,1,0,1150.0,1,1666.6666666666665,2333.333333333333,0.5615,clip=0.0000,"[{""f0"": 21.333, ""score"": 0.6455, ""hits"": 3, ""cep_hits"": 2, ""interference"": false, ""guard"": """", ""cls"": null}, {""f0"": 32.666, ""score"": 0.2134, ""hits"": 2, ""cep_hits"": 1, ""interference"": false, ""guard"": """", ""cls"": ""ball""}]"
044,wav/滚珠/9-17__滚珠不良7__record_98_1789613009.wav,滚珠,9-17,18.333,BPFI,内圈,0,0.15101421588932937,0.36088451556640677,0.35966127014370386,内圈,21.00;31.67,2,2,0,2,1,0,1150.0,1,833.3333333333333,1166.6666666666665,0.5424,clip=0.0000,"[{""f0"": 21.0, ""score"": 0.7973, ""hits"": 5, ""cep_hits"": 3, ""interference"": false, ""guard"": """", ""cls"": null}, {""f0"": 31.666, ""score"": 0.3593, ""hits"": 3, ""cep_hits"": 1, ""interference"": false, ""guard"": """", ""cls"": ""ball""}]"
045,wav/滚珠/9-17__滚珠不良8__record_98_1789613058.wav,滚珠,9-17,19.693,normal,正常,0,0.0,0.0,0.0,外圈,,0,0,0,0,0,0,1150.0,1,5100.0,5666.666666666667,0.5332,clip=0.0000,[]
046,wav/滚珠/9-17__滚珠不良8__record_98_1789613071.wav,滚珠,9-17,19.693,normal,正常,0,0.0,0.0,0.0,外圈,,0,0,0,0,0,0,1150.0,1,5250.000000000001,5833.333333333334,0.5398,clip=0.0000,[]
047,wav/滚珠/9-17__滚珠不良9__record_98_1789613150.wav,滚珠,9-17,19.933,normal,正常,0,0.0,0.0,0.0,外圈,,0,0,0,0,0,0,1150.0,1,1500.0,2000.0,0.5484,clip=0.0000,[]
048,wav/滚珠/9-17__滚珠不良9__record_98_1789613163.wav,滚珠,9-17,19.933,normal,正常,0,0.0,0.0,0.0,外圈,,0,0,0,0,0,0,1150.0,1,5550.000000000001,6166.666666666668,0.5447,clip=0.0000,[]
049,wav/滚珠/9-17__滚珠不良10__record_98_1789613197.wav,滚珠,9-17,19.733,normal,正常,0,0.0,0.0,0.0,外圈,,0,0,0,0,0,0,1150.0,1,5100.0,5666.666666666667,0.5554,clip=0.0000,[]
050,wav/滚珠/9-17__滚珠不良10__record_98_1789613208.wav,滚珠,9-17,19.733,normal,正常,0,0.0,0.0,0.0,外圈,,0,0,0,0,0,0,1150.0,1,5400.000000000001,6000.000000000001,0.5447,clip=0.0000,[]
051,wav/滚珠/9-17__滚珠不良2__record_98_1789613765.wav,滚珠,9-17,19.353,normal,正常,0,0.0,0.0,0.0,外圈,,0,0,0,0,0,0,1150.0,1,833.3333333333333,1166.6666666666665,0.549,clip=0.0000,[]
052,wav/滚珠/9-17__滚珠不良2__record_98_1789613777.wav,滚珠,9-17,19.353,normal,正常,0,0.0,0.0,0.0,外圈,,0,0,0,0,0,0,1150.0,1,999.9999999999999,1333.3333333333333,0.5643,clip=0.0000,[]
053,wav/内圈/9-18__内圈4__record_98_1788836582.wav,内圈,9-18,nan,normal,正常,0,0.0,0.0,0.0,外圈,38.67!,1,1,1,0,0,0,1159.9758338367951,0,6666.666666666667,7984.0,0.5475,clip=0.0000,"[{""f0"": 38.666, ""score"": 0.6737, ""hits"": 5, ""cep_hits"": 3, ""interference"": true, ""guard"": ""轴频谐波2×19.167Hz"", ""cls"": null}]"
054,wav/内圈/9-18__内圈4__record_98_1788836593.wav,内圈,9-18,nan,normal,正常,0,0.0,0.0,0.0,外圈,38.67!,1,1,1,0,0,0,1159.9758338367951,0,6000.0,7333.333333333333,0.5349,clip=0.0000,"[{""f0"": 38.666, ""score"": 0.6945, ""hits"": 5, ""cep_hits"": 2, ""interference"": true, ""guard"": ""轴频谐波2×19.167Hz"", ""cls"": null}]"
055,wav/内圈/9-18__内圈5__record_98_1788836619.wav,内圈,9-18,nan,bearing_unlocalized,未定位,0,0.0,0.0,0.0,外圈,37.67;56.33,3,2,0,2,0,1,1119.9766671527677,0,2000.0,3333.333333333333,0.5682,clip=0.0000,"[{""f0"": 37.666, ""score"": 0.2329, ""hits"": 4, ""cep_hits"": 1, ""interference"": false, ""guard"": """", ""cls"": null}, {""f0"": 56.332, ""score"": 0.3795, ""hits"": 5, ""cep_hits"": 1, ""interference"": false, ""guard"": """", ""cls"": null}]"
056,wav/内圈/9-18__内圈5__record_98_1788836633.wav,内圈,9-18,nan,normal,正常,0,0.0,0.0,0.0,外圈,19.00!,1,1,1,0,0,0,1139.9762504947814,0,6000.0,7984.0,0.5432,clip=0.0000,"[{""f0"": 19.0, ""score"": 0.5416, ""hits"": 3, ""cep_hits"": 3, ""interference"": true, ""guard"": ""低频梳(f0<20Hz,疑轴频族)"", ""cls"": null}]"
057,wav/内圈/9-18__内圈5__record_98_1788836645.wav,内圈,9-18,nan,normal,正常,0,0.0,0.0,0.0,外圈,,1,0,0,0,0,0,1119.9766671527677,0,6000.0,7984.0,0.5519,clip=0.0000,[]
058,wav/内圈/9-18__内圈1__record_98_1789703220.wav,内圈,9-18,nan,bearing_unlocalized,未定位,0,0.0,0.0,0.0,外圈,20.17,1,1,0,1,0,1,1150.0,1,833.3333333333333,1166.6666666666665,0.5793,clip=0.0000,"[{""f0"": 20.166, ""score"": 0.2047, ""hits"": 3, ""cep_hits"": 2, ""interference"": false, ""guard"": """", ""cls"": null}]"
059,wav/内圈/9-18__内圈1__record_98_1789703246.wav,内圈,9-18,nan,normal,正常,0,0.0,0.0,0.0,外圈,,1,0,0,0,0,0,1150.0,1,1166.6666666666665,1499.9999999999998,0.5625,clip=0.0000,[]
060,wav/内圈/9-18__内圈2__record_98_1789703282.wav,内圈,9-18,nan,bearing_unlocalized,未定位,0,0.0,0.0,0.0,外圈,21.67,1,1,0,1,0,1,1150.0,1,1000.0,1500.0,0.5646,clip=0.0000,"[{""f0"": 21.666, ""score"": 0.4577, ""hits"": 4, ""cep_hits"": 3, ""interference"": false, ""guard"": """", ""cls"": null}]"
061,wav/内圈/9-18__内圈2__record_98_1789703292.wav,内圈,9-18,nan,bearing_unlocalized,未定位,0,0.0,0.0,0.0,外圈,21.50,1,1,0,1,0,1,1150.0,1,1000.0,1500.0,0.5459,clip=0.0000,"[{""f0"": 21.5, ""score"": 0.4748, ""hits"": 5, ""cep_hits"": 2, ""interference"": false, ""guard"": """", ""cls"": null}]"
062,wav/内圈/9-18__内圈1__record_98_1789708993.wav,内圈,9-18,18.933,normal,正常,0,0.0,0.0,0.0,外圈,,0,0,0,0,0,0,1150.0,1,5100.0,5666.666666666667,0.5454,clip=0.0000,[]
063,wav/内圈/9-18__内圈1__record_98_1789709006.wav,内圈,9-18,18.933,normal,正常,0,0.0,0.0,0.0,外圈,,0,0,0,0,0,0,1150.0,1,999.9999999999999,1333.3333333333333,0.5364,clip=0.0000,[]
064,wav/内圈/9-18__内圈2__record_98_1789709066.wav,内圈,9-18,18.433,normal,正常,0,0.0,0.0,0.0,外圈,,0,0,0,0,0,0,1159.2974725111756,0,6450.000000000003,7166.66666666667,0.5359,clip=0.0000,[]
065,wav/内圈/9-18__内圈2__record_98_1789709076.wav,内圈,9-18,18.433,normal,正常,0,0.0,0.0,0.0,外圈,,2,0,0,0,0,0,1159.9758338367951,0,1666.6666666666665,2333.333333333333,0.5386,clip=0.0000,[]
066,wav/内圈/9-18__内圈3__record_98_1789709109.wav,内圈,9-18,19.613,normal,正常,0,0.0,0.0,0.0,外圈,19.50!,1,1,1,0,0,0,1150.0,1,833.3333333333333,1166.6666666666665,0.542,clip=0.0000,"[{""f0"": 19.5, ""score"": 0.1833, ""hits"": 3, ""cep_hits"": 1, ""interference"": true, ""guard"": ""低频梳(f0<20Hz,疑轴频族)"", ""cls"": null}]"
067,wav/内圈/9-18__内圈3__record_98_1789709120.wav,内圈,9-18,19.613,normal,正常,0,0.0,0.0,0.0,外圈,,0,0,0,0,0,0,1150.0,1,833.3333333333333,1166.6666666666665,0.5439,clip=0.0000,[]
068,wav/内圈/9-18__内圈4__record_98_1789709183.wav,内圈,9-18,19.993,normal,正常,0,0.0,0.0,0.0,外圈,17.67!,1,1,1,0,0,0,1150.0,1,999.9999999999999,1333.3333333333333,0.5416,clip=0.0000,"[{""f0"": 17.666, ""score"": 0.3527, ""hits"": 4, ""cep_hits"": 1, ""interference"": true, ""guard"": ""低频梳(f0<20Hz,疑轴频族)"", ""cls"": null}]"
069,wav/内圈/9-18__内圈4__record_98_1789709194.wav,内圈,9-18,19.993,normal,正常,0,0.0,0.0,0.0,外圈,17.67!,1,1,1,0,0,0,1150.0,1,999.9999999999999,1333.3333333333333,0.5484,clip=0.0000,"[{""f0"": 17.666, ""score"": 0.4196, ""hits"": 4, ""cep_hits"": 1, ""interference"": true, ""guard"": ""低频梳(f0<20Hz,疑轴频族)"", ""cls"": null}]"
070,wav/内圈/9-18__内圈5__record_98_1789709220.wav,内圈,9-18,19.333,normal,正常,0,0.0,0.0,0.0,外圈,19.83!,1,1,1,0,0,0,1199.9745768098132,0,999.9999999999999,1333.3333333333333,0.5474,clip=0.0000,"[{""f0"": 19.83, ""score"": 0.2807, ""hits"": 4, ""cep_hits"": 3, ""interference"": true, ""guard"": ""低频梳(f0<20Hz,疑轴频族)"", ""cls"": null}]"
071,wav/内圈/9-18__内圈5__record_98_1789709242.wav,内圈,9-18,19.333,bearing_unlocalized,未定位,0,0.0,0.0,0.0,外圈,29.67,2,1,0,1,0,1,1150.0,1,999.9999999999999,1333.3333333333333,0.5459,clip=0.0000,"[{""f0"": 29.666, ""score"": 0.1767, ""hits"": 2, ""cep_hits"": 1, ""interference"": false, ""guard"": """", ""cls"": null}]"
072,wav/内圈/9-18__内圈6__record_98_1789709317.wav,内圈,9-18,18.513,normal,正常,0,0.0,0.0,0.0,外圈,,0,0,0,0,0,0,1139.9762504947814,0,5400.000000000001,6000.000000000001,0.5517,clip=0.0000,[]
073,wav/内圈/9-18__内圈6__record_98_1789709332.wav,内圈,9-18,18.513,normal,正常,0,0.0,0.0,0.0,外圈,,0,0,0,0,0,0,1150.0,1,4950.0,5500.0,0.5322,clip=0.0000,[]
074,wav/内圈/9-18__内圈7__record_98_1789709413.wav,内圈,9-18,19.073,normal,正常,0,0.0,0.0,0.0,外圈,,0,0,0,0,0,0,1118.6203682125379,0,3599.999999999999,3999.999999999999,0.5338,clip=0.0000,[]
075,wav/内圈/9-18__内圈7__record_98_1789709421.wav,内圈,9-18,19.073,normal,正常,0,0.0,0.0,0.0,外圈,,0,0,0,0,0,0,1099.977083810754,0,5250.000000000001,5833.333333333334,0.5366,clip=0.0000,[]
076,wav/内圈/9-18__内圈8__record_98_1789709478.wav,内圈,9-18,19.573,normal,正常,0,0.0,0.0,0.0,外圈,,1,0,0,0,0,0,1179.6360246604945,0,2000.0000000000002,2333.3333333333335,0.5534,clip=0.0000,[]
077,wav/内圈/9-18__内圈8__record_98_1789709489.wav,内圈,9-18,19.573,normal,正常,0,0.0,0.0,0.0,外圈,19.49!,1,1,1,0,0,0,1179.6360246604945,0,2000.0000000000002,2333.3333333333335,0.5402,clip=0.0000,"[{""f0"": 19.491, ""score"": 0.3113, ""hits"": 4, ""cep_hits"": 1, ""interference"": true, ""guard"": ""低频梳(f0<20Hz,疑轴频族)"", ""cls"": null}]"
078,wav/内圈/9-18__内圈9__record_98_1789709524.wav,内圈,9-18,19.473,normal,正常,0,0.0,0.0,0.0,外圈,,0,0,0,0,0,0,1150.0,1,833.3333333333333,1166.6666666666665,0.5317,clip=0.0000,[]
079,wav/内圈/9-18__内圈9__record_98_1789709548.wav,内圈,9-18,19.473,BPFI,内圈,1,0.0,0.5343761519987861,0.36830770975519234,内圈,36.61,3,1,0,1,1,0,1098.2818160632191,0,666.6666666666666,1333.3333333333333,0.5346,clip=0.0000,"[{""f0"": 36.609, ""score"": 0.5308, ""hits"": 5, ""cep_hits"": 1, ""interference"": false, ""guard"": """", ""cls"": ""ball""}]"
080,wav/内圈/9-18__内圈10__record_98_1789709581.wav,内圈,9-18,19.913,BSF,滚珠,0,0.16475348236487405,0.0967991469184659,0.3342548768740261,滚珠,35.00,1,1,0,1,1,0,1150.0,1,999.9999999999999,1333.3333333333333,0.544,clip=0.0000,"[{""f0"": 34.999, ""score"": 0.3343, ""hits"": 4, ""cep_hits"": 1, ""interference"": false, ""guard"": """", ""cls"": ""ball""}]"
081,wav/内圈/9-18__内圈10__record_98_1789709591.wav,内圈,9-18,19.913,normal,正常,0,0.0,0.0,0.0,外圈,,0,0,0,0,0,0,1150.0,1,999.9999999999999,1333.3333333333333,0.533,clip=0.0000,[]
